,geo_precision,count,boundary,lon,lat
1572,4,22,AFG,66,33
1549,1,5,AFG.12.7_1,62.1997,34.3482
1560,1,48,AFG.14.6_1,69.1833,34.5167
1569,1,1,AFG.17.4_1,69.9204,33.3395
1558,1,5,AFG.19.6_1,68.857,36.729
1559,1,2,AFG.21.4_1,69.1,34.2147
1571,1,1,AFG.22.1_1,70.7558,34.0462
1570,1,8,AFG.22.9_1,70.4515,34.4265
1556,1,3,AFG.25.14_1,68.4712,32.8107
1561,1,1,AFG.26.4_1,69.2132,33.5846
1566,1,3,AFG.26.9_1,69.4987,33.6392
1562,1,1,AFG.28.1_1,69.2647,34.9459
1563,1,1,AFG.28.1_1,69.265,34.9669
1557,1,6,AFG.3.2_1,68.7083,36.1307
1567,1,3,AFG.31.10_1,69.5336,36.7341
1564,1,3,AFG.31.12_1,69.45,37.1333
1568,1,1,AFG.31.2_1,69.8146,37.3977
1565,1,3,AFG.31.4_1,69.4529,37.3841
1552,1,1,AFG.32.3_1,66.6325,32.9277
1553,1,1,AFG.4.1_1,66.8972,36.7564
1554,1,4,AFG.4.6_1,66.9333,36.65
1550,1,2,AFG.7.3_1,62.4654,32.6357
1551,1,1,AFG.8.11_1,64.2932,35.6875
1555,1,50,AFG.9.6_1,68.4225,33.5508
705,1,1,AIA,-63.15,18.1667
1087,4,5,ALB,20,41
1086,1,1,ALB.11.2_1,19.8189,41.3275
1085,1,1,ALB.12.3_1,19.655,40.5306
1499,4,3,ARE,54,24
1496,1,1,ARE.1.1_1,54.3667,24.4667
1495,1,1,ARE.1.3_1,53.75,23.1333
1497,1,1,ARE.3.3_1,55.2444,25.1723
1498,1,20,ARE.3.3_1,55.28,25.2522
704,4,9,ARG,-64,-34
703,1,4,ARG.1.82_1,-58.6725,-34.5875
1454,4,11,ARM,45,40
1451,1,1,ARM.11_1,45.6723,39.8417
1450,1,1,ARM.4_1,44.5136,40.1811
1449,1,1,ARM.8_1,43.8453,40.7942
1452,1,1,ARM.9_1,46.3981,39.3813
1453,1,2,ARM.9_1,46.4058,39.2075
1905,4,28,AUS,135,-25
1876,1,11,AUS.10.44_1,144.967,-37.8167
1874,1,1,AUS.10.46_1,142.163,-34.1855
1875,1,1,AUS.10.55_1,142.4,-38.3
1879,1,2,AUS.10.56_1,145.341,-37.5329
1877,1,1,AUS.10.69_1,145.117,-38.1333
1880,1,1,AUS.10.79_1,145.374,-37.6579
1871,1,2,AUS.11.139_1,118.967,-31.3333
1868,1,2,AUS.11.17_1,115.345,-33.6525
1870,1,7,AUS.11.18_1,115.833,-31.9333
1869,1,1,AUS.11.26_1,115.767,-32.1167
1886,1,6,AUS.2.1_1,149.217,-35.2833
1898,1,1,AUS.5.100_1,151.751,-32.8652
1891,1,2,AUS.5.106_1,151,-33.8167
1893,1,1,AUS.5.112_1,151.242,-33.9167
1892,1,10,AUS.5.122_1,151.217,-33.8833
1897,1,3,AUS.5.130_1,151.583,-33.0667
1887,1,1,AUS.5.147_1,150.299,-34.6585
1885,1,1,AUS.5.152_1,148.91,-34.8404
1890,1,1,AUS.5.27_1,150.883,-33.9833
1895,1,2,AUS.5.32_1,151.356,-32.8321
1881,1,1,AUS.5.77_1,146.374,-33.2987
1883,1,1,AUS.5.77_1,147.145,-33.0881
1896,1,1,AUS.5.78_1,151.554,-33.111
1894,1,1,AUS.5.88_1,151.251,-33.7985
1901,1,1,AUS.5.96_1,152.9,-30.85
1878,1,1,AUS.7.13_1,145.317,-16.25
1900,1,1,AUS.7.26_1,152.874,-25.2905
1904,1,1,AUS.7.28_1,153.3,-27.8833
1888,1,3,AUS.7.57_1,150.317,-23.4833
1889,1,2,AUS.7.57_1,150.506,-23.3803
1899,1,2,AUS.7.59_1,152.576,-27.4655
1902,1,1,AUS.7.62_1,153,-26.5
1903,1,6,AUS.7.8_1,153.017,-27.5
1873,1,3,AUS.8.1_1,138.6,-34.9333
1872,1,2,AUS.8.68_1,137.565,-33.0327
1884,1,1,AUS.9.15_1,147.33,-42.88
1882,1,2,AUS.9.21_1,147.135,-41.4388
1005,4,6,AUT,13.333333,47.333333
1004,1,3,AUT.9.1_1,16.3667,48.2
1463,4,4,AZE,47.5,40.5
1462,1,2,AZE.1.2_1,49.8822,40.3953
1460,1,5,AZE.10.3_1,47.1453,39.6009
1461,1,1,AZE.2.15_1,48.9806,39.5936
1457,1,2,AZE.4.10_1,45.7681,41.0789
1458,1,4,AZE.4.3_1,45.8161,40.5656
1455,1,1,AZE.4.7_1,45.0799,41.2097
1456,1,4,AZE.4.7_1,45.0828,41.0756
1459,1,1,AZE.5.1_1,46.0383,40.1067
1205,4,1,BDI,30,-3.5
1204,1,2,BDI.3.9_1,29.5068,-3.6128
930,4,3,BEL,4,50.833333
929,1,5,BEL.1.1_1,4.33333,50.8333
927,1,3,BEL.2.3_1,3.88341,51.0053
928,1,2,BEL.2.3_1,4.31444,51.1705
855,4,2,BEN,2.25,9.5
829,4,2,BFA,-2,13
827,1,1,BFA.5.1_1,-2.36667,12.25
828,1,1,BFA.8.2_1,0.357778,12.0622
1790,4,65,BGD,90,24
1788,1,2,BGD.2.1_1,92.2262,22.1965
1783,1,1,BGD.2.6_1,92.1136,21.2574
1784,1,1,BGD.2.6_1,92.1396,21.2445
1785,1,2,BGD.2.6_1,92.1572,21.1713
1786,1,10,BGD.2.6_1,92.1643,21.219
1787,1,2,BGD.2.6_1,92.1833,21.1345
1789,1,1,BGD.2.6_1,92.3058,20.8624
1782,1,5,BGD.2.8_1,91.9667,23.1
1781,1,1,BGD.2.9_1,90.8333,22.8333
1779,1,8,BGD.3.1_1,90.4086,23.7231
1780,1,2,BGD.3.11_1,90.6167,23.65
1774,1,2,BGD.3.14_1,89.55,23.75
1777,1,1,BGD.3.16_1,89.9357,25.1504
1778,1,5,BGD.3.16_1,90.0175,25.0188
1776,1,1,BGD.3.2_1,89.6167,23.5167
1770,1,2,BGD.4.4_1,88.9763,23.5252
1775,1,4,BGD.5.1_1,89.5667,24.85
1771,1,1,BGD.5.2_1,88.9927,25.2622
1772,1,1,BGD.5.2_1,89.0301,25.1908
1773,1,4,BGD.6.2_1,89.4807,25.2057
1121,4,3,BGR,25,43
1116,1,1,BGR.1.10_1,23.5667,41.55
1120,1,2,BGR.2.10_1,27.6663,42.3854
1119,1,1,BGR.2.5_1,27.5333,41.9833
1114,1,3,BGR.5.1_1,23.3167,42.6833
1115,1,1,BGR.5.1_1,23.4167,42.7667
1118,1,1,BGR.6.10_1,26.3167,41.7167
1117,1,1,BGR.6.3_1,25.5667,41.7667
1492,4,1,BHR,50.5,26
1491,1,1,BHR.1_1,50.5831,26.2361
667,1,2,BHS.21_1,-77.35,25.0833
1029,4,1,BIH,17.833333,44.25
1027,1,1,BIH.2.8_1,15.8708,44.8169
1028,1,1,BIH.3.7_1,19.2967,44.1075
1182,4,2,BLR,28,53
1181,1,2,BLR.5.11_1,27.5667,53.9
648,4,2,BLZ,-88.75,17.25
647,1,2,BLZ.1_1,-88.55,17.3333
646,1,1,BLZ.2_1,-88.7,17.1333
645,1,1,BLZ.4_1,-89.0667,17.4
702,1,1,BMU.5_1,-64.7911,32.2881
701,4,2,BOL,-65,-17
700,4,28,BRA,-55,-10
696,1,2,BRA.13.93_1,-44.4308,-16.2119
692,1,1,BRA.16.326_1,-54.3833,-24.9333
693,1,2,BRA.16.96_1,-49.25,-25.4167
697,1,2,BRA.19.67_1,-43.2333,-22.9
699,1,1,BRA.20.28_1,-36.7961,-5.23361
691,1,10,BRA.23.3_1,-60.6667,2.81667
695,1,3,BRA.25.564_1,-46.6167,-23.5333
690,1,1,BRA.4.24_1,-65.9,-2.51667
698,1,1,BRA.5.154_1,-40.8833,-12.4667
694,1,8,BRA.7.1_1,-47.9167,-15.7833
1791,4,1,BTN,90.5,27.5
1131,4,2,BWA,24,-22
1034,4,2,CAF,21,7
1031,1,1,CAF.12.2_1,18.1275,4.80048
1032,1,2,CAF.6.2_1,19.0739,5.71801
1030,1,3,CAF.7.2_1,17.65,3.8
1033,1,1,CAF.9.2_1,22.8184,4.74132
616,4,61,CAN,-96,60
583,1,2,CAN.1.10_1,-118.8,55.1667
585,1,4,CAN.1.16_1,-114.083,51.0833
586,1,6,CAN.1.16_1,-114.017,51.2667
587,1,1,CAN.1.3_1,-112.28,55.0378
584,1,1,CAN.1.6_1,-115.667,51.15
609,1,1,CAN.10.2_1,-63.7833,46.4
601,1,1,CAN.11.19_1,-75.65,45.4833
602,1,10,CAN.11.20_1,-73.5833,45.5
603,1,1,CAN.11.27_1,-73.4333,46.0333
604,1,12,CAN.11.39_1,-72,47.5
580,1,1,CAN.2.12_1,-122.767,53.9167
578,1,14,CAN.2.14_1,-123.133,49.25
579,1,1,CAN.2.14_1,-123.067,49.3167
582,1,1,CAN.2.19_1,-119.35,50.3667
575,1,2,CAN.2.24_1,-129.267,53.4333
581,1,1,CAN.2.7_1,-119.483,49.9
576,1,1,CAN.2.9_1,-126.667,49.9167
577,1,1,CAN.2.9_1,-125.833,49.6667
589,1,2,CAN.3.10_1,-97.7167,52.15
590,1,6,CAN.3.2_1,-97.1667,49.8833
606,1,1,CAN.4.6_1,-65.5167,45.7167
605,1,1,CAN.4.7_1,-68.3333,47.3667
607,1,2,CAN.4.8_1,-65.4333,47.0333
608,1,1,CAN.4.8_1,-65.1833,47.0333
611,1,1,CAN.5.1_1,-60.1833,53.3333
615,1,2,CAN.5.3_1,-52.85,47.6333
612,1,2,CAN.5.5_1,-59.15,47.5667
613,1,1,CAN.5.6_1,-58.5667,48.55
614,1,3,CAN.5.7_1,-57.9333,48.95
610,1,1,CAN.7.4_1,-63.2833,45.25
588,1,2,CAN.8.1_1,-100,75
595,1,1,CAN.8.1_1,-84.7833,71.2
591,1,1,CAN.8.2_1,-94.05,61.1167
592,1,1,CAN.8.2_1,-92.0833,62.8167
594,1,4,CAN.8.2_1,-85,65.8333
596,1,1,CAN.8.2_1,-83.6667,66.3333
593,1,1,CAN.8.3_1,-89.8167,68.5333
597,1,1,CAN.9.1_1,-82.65,46.3833
600,1,14,CAN.9.35_1,-75.7,45.4167
598,1,1,CAN.9.38_1,-79.5833,43.55
599,1,32,CAN.9.50_1,-79.4167,43.6667
940,4,15,CHE,8,47
939,1,1,CHE.10.4_1,9.28458,46.8371
936,1,1,CHE.23.2_1,7.30372,46.2253
938,1,1,CHE.26.13_1,8.55,47.3667
937,1,2,CHE.6.22_1,7.46667,46.9167
935,1,6,CHE.8.1_1,6.14811,46.1956
639,4,3,CHL,-71,-30
638,1,4,CHL.14.5_1,-70.6667,-33.45
637,1,3,CHL.16.1_1,-109.367,-27.1167
1763,4,95,CHN,105,35
1754,1,1,CHN.1.11_1,118.089,29.6929
1748,1,7,CHN.1.7_1,115.192,32.9583
1747,1,1,CHN.13.12_1,114.267,30.5833
1741,1,1,CHN.13.17_1,110.583,31.0167
1742,1,3,CHN.14.11_1,111.496,25.5797
1745,1,1,CHN.14.3_1,113.514,25.4439
1757,1,1,CHN.15.11_1,120.18,32.9274
1755,1,1,CHN.15.4_1,118.871,31.5549
1758,1,3,CHN.15.7_1,120.991,31.546
1751,1,32,CHN.16.1_1,116.274,27.7481
1750,1,1,CHN.16.5_1,115.929,29.289
1762,1,2,CHN.17.9_1,129.336,42.7683
1760,1,1,CHN.18.4_1,121.602,38.9122
1761,1,2,CHN.18.9_1,121.893,41.4917
1752,1,37,CHN.2.1_1,116.388,39.9289
1753,1,1,CHN.2.1_1,116.391,39.9044
1740,1,1,CHN.22.8_1,108.455,34.3839
1759,1,1,CHN.24.1_1,121.458,31.2222
1746,1,4,CHN.25.2_1,113.619,40.0017
1743,1,2,CHN.25.5_1,111.783,36.4667
1737,1,1,CHN.26.12_1,105.138,30.8111
1738,1,6,CHN.26.13_1,106.542,31.4213
1734,1,1,CHN.28.1_1,82.6511,41.4389
1735,1,1,CHN.29.1_1,96.2,31.1
1736,1,2,CHN.30.7_1,102.718,25.0389
1756,1,2,CHN.31.7_1,118.985,28.8771
1749,1,1,CHN.6.13_1,115.642,22.9459
1744,1,1,CHN.6.7_1,113.093,22.4045
1739,1,1,CHN.8.3_1,106.717,26.5833
974,4,2,CMR,12,6
973,1,2,CMR.4.2_1,14.2277,12.3731
972,1,1,CMR.6.3_1,10.6667,6.63333
971,1,1,CMR.9.6_1,8.9348,4.5304
1024,1,1,COD.10.1_1,15.315,-4.32972
1025,1,1,COD.22.9_1,28,-2.5
1026,1,3,COD.6.5_1,29.9667,1.85
1016,4,19,COG,15,-1
1015,1,8,COG.2.1_1,15.2847,-4.25917
573,1,2,COK,-157.958,-9.00833
682,4,13,COL,-72,4
679,1,1,COL.14.10_1,-74.4414,3.97889
681,1,13,COL.14.79_1,-74.0833,4.6
680,1,2,COL.14.85_1,-74.2168,4.57937
677,1,1,COL.19.3_1,-74.8333,10.25
678,1,1,COL.29.14_1,-74.8255,3.49889
675,1,1,COL.30.20_1,-76.2169,3.83194
676,1,1,COL.5.7_1,-75.5144,10.3997
656,4,2,CRI,-84,10
654,1,1,CRI.2.2_1,-84.0362,9.79317
655,1,2,CRI.5.4_1,-83.5021,10.5414
658,4,7,CUB,-79.5,22
657,1,2,CUB.4.3_1,-82.3642,23.1319
1248,4,2,CYP,33,35
1247,1,1,CYP.2_1,33.6292,34.9167
1246,1,1,CYP.4_1,32.9914,35.1981
1245,1,3,CYP.5_1,32.4167,34.7667
1010,4,15,CZE,15,49.75
1009,1,1,CZE.11.16_1,14.4667,50.0833
950,4,89,DEU,10.5,51.5
941,1,1,DEU.10.2_1,7.21667,51.4833
945,1,15,DEU.14.2_1,12.9167,50.8333
947,1,4,DEU.14.9_1,13,51
943,1,1,DEU.2.10_1,10.85,48.1667
946,1,1,DEU.2.17_1,12.9833,47.85
948,1,1,DEU.2.17_1,13.05,47.6
944,1,5,DEU.2.54_1,11.5833,48.15
949,1,34,DEU.3.1_1,13.4,52.5167
942,1,3,DEU.6.1_1,10,53.55
1369,1,21,DJI.5.3_1,42.59,11.83
982,4,1,DNK,10,56
981,1,1,DNK.1.25_1,12.5833,55.6667
980,1,1,DNK.2.15_1,9.9317,56.0313
684,4,1,DOM,-70.666667,19
850,4,2,DZA,3,28
847,1,3,DZA.12.15_1,3.902,36.3749
842,1,1,DZA.27.7_1,0.229675,35.0997
843,1,1,DZA.35.31_1,0.448772,35.943
844,1,1,DZA.4.26_1,2.84244,36.7117
845,1,1,DZA.4.5_1,3.05056,36.7631
846,1,1,DZA.4.5_1,3.05056,36.7631
849,1,1,DZA.41.8_1,5.52278,22.785
848,1,2,DZA.47.64_1,4.04591,36.7118
841,1,2,DZA.48.52_1,-1.315,34.8783
661,4,4,ECU,-77.5,-2
660,1,3,ECU.19.6_1,-78.5,-0.216667
1231,4,18,EGY,30,27
1224,1,20,EGY.11.12_1,31.25,30.05
1225,1,1,EGY.11.32_1,31.3,30.0667
1222,1,1,EGY.11.36_1,31.238,30.0474
1223,1,1,EGY.11.36_1,31.2395,30.0525
1227,1,3,EGY.2.1_1,33.8181,27.2529
1228,1,1,EGY.2.3_1,34.2779,26.1043
1230,1,8,EGY.2.5_1,34.8829,25.0679
1229,1,7,EGY.22.8_1,34.305,27.8518
1226,1,2,EGY.26.1_1,33.7984,31.1316
1219,1,11,EGY.6.10_1,29.9192,31.1981
1220,1,1,EGY.8.1_1,31.21,30.0429
1221,1,4,EGY.8.13_1,31.2122,30.0086
1368,4,14,ERI,39,15
735,4,2,ESH,-13.5,25
734,4,36,ESP,-4,40
727,1,1,ESP.1.1_1,-1.74901,37.2879
721,1,1,ESP.1.2_1,-6.21667,36.3833
722,1,3,ESP.1.2_1,-5.45051,36.1333
729,1,3,ESP.10.1_1,-0.136386,38.5392
728,1,3,ESP.10.3_1,-0.783333,39.4167
733,1,1,ESP.13.1_1,2.65522,39.5743
720,1,1,ESP.14.1_1,-15.5,28
731,1,1,ESP.6.1_1,1.85981,41.24
732,1,8,ESP.6.1_1,2.18333,41.3833
730,1,1,ESP.6.4_1,1.05244,41.0748
723,1,1,ESP.7.1_1,-5.31925,35.8887
726,1,1,ESP.7.2_1,-2.94307,35.2839
724,1,3,ESP.8.1_1,-3.94597,40.7362
725,1,4,ESP.8.1_1,-3.68333,40.4
1139,4,3,EST,26,59
1367,4,5,ETH,38,8
1360,1,4,ETH.1.1_1,38.7,9.03333
1362,1,2,ETH.11.1_1,39.5,13.5
1363,1,1,ETH.3.11_1,39.6833,11.8333
1364,1,13,ETH.3.11_1,39.7333,11.8667
1365,1,2,ETH.5.1_1,41.8661,9.59306
1359,1,1,ETH.8.12_1,37.25,9.1
1361,1,1,ETH.8.5_1,39.0833,6.03333
1366,1,11,ETH.9.3_1,42.8,9.35
1135,4,5,FIN,26,64
1134,1,1,FIN.4.5_1,24.9342,60.1756
1989,1,2,FJI.2.2_1,178.417,-18.1333
1988,1,1,FJI.5.2_1,178,-18
826,4,63,FRA,2,46
825,1,3,FRA.1.12_1,5.71933,45.7061
824,1,2,FRA.1.3_1,4.20205,44.3745
818,1,3,FRA.12.2_1,-0.949375,47.3511
816,1,1,FRA.3.2_1,-4.29675,48.3231
817,1,2,FRA.3.2_1,-4.26645,48.2915
823,1,2,FRA.7.4_1,3.08644,50.1116
821,1,6,FRA.8.3_1,2.33333,48.8667
822,1,1,FRA.8.6_1,2.34688,48.9734
820,1,4,FRA.8.8_1,2.01781,48.7741
819,1,3,FRA.9.1_1,-0.259104,49.2757
814,4,143,GBR,-4,54
802,1,1,GBR.1.110_1,-0.65,50.7833
785,1,1,GBR.1.114_1,-3.08333,53.4
801,1,1,GBR.1.13_1,-0.8,51.8167
809,1,2,GBR.1.16_1,0.1,52.1
810,1,4,GBR.1.16_1,0.116667,52.2
811,1,1,GBR.1.16_1,0.266667,52.35
778,1,1,GBR.1.20_1,-5.48333,50.0833
799,1,1,GBR.1.27_1,-1.11667,53.5333
812,1,1,GBR.1.33_1,0.566667,51.8833
813,1,1,GBR.1.33_1,0.9,51.8833
793,1,5,GBR.1.35_1,-1.71667,51.8
803,1,1,GBR.1.36_1,-0.45,51.4667
804,1,2,GBR.1.36_1,-0.216667,51.5167
805,1,3,GBR.1.36_1,-0.183333,51.55
806,1,1,GBR.1.36_1,-0.133333,51.5
807,1,65,GBR.1.36_1,-0.116667,51.5
808,1,2,GBR.1.36_1,-0.091618,51.4736
794,1,1,GBR.1.38_1,-1.6,50.8333
795,1,2,GBR.1.39_1,-1.2125,54.6861
796,1,1,GBR.1.39_1,-1.18333,54.6667
791,1,1,GBR.1.4_1,-1.81667,52.5667
787,1,1,GBR.1.47_1,-2.81667,53.3667
790,1,6,GBR.1.54_1,-2.21667,53.5
797,1,4,GBR.1.66_1,-1.16667,52.9667
800,1,3,GBR.1.67_1,-1.1,53.1667
789,1,1,GBR.1.7_1,-2.38333,53.5833
798,1,1,GBR.1.75_1,-1.16278,54.5728
792,1,1,GBR.1.86_1,-1.78333,52.4167
774,1,1,GBR.2.2_1,-6.5,54.5
777,1,9,GBR.2.3_1,-5.93333,54.5833
776,1,3,GBR.2.4_1,-6.41667,55.15
784,1,1,GBR.3.12_1,-3.2,55.95
773,1,2,GBR.3.13_1,-6.66667,58.25
786,1,2,GBR.3.15_1,-3.06667,56.2833
780,1,1,GBR.3.16_1,-4.36667,55.9
781,1,4,GBR.3.16_1,-4.25,55.8333
782,1,2,GBR.3.17_1,-4.25,57.6833
788,1,3,GBR.3.23_1,-2.61667,59.15
775,1,1,GBR.3.4_1,-6.5,55.6833
779,1,1,GBR.4.16_1,-4.70167,51.7083
783,1,2,GBR.4.18_1,-3.45,51.6333
1446,1,3,GEO.11.1_1,44,42.3333
1445,1,2,GEO.11.3_1,43.7275,42.1566
1448,1,2,GEO.12.1_1,44.7908,41.725
1447,1,1,GEO.7.4_1,44.7331,41.8236
830,4,1,GGY,-2.333333,49.583333
840,4,5,GHA,-2,8
834,1,2,GHA.1.9_1,-1.08333,6.88333
833,1,1,GHA.10.1_1,-1.94645,4.79492
832,1,1,GHA.10.13_1,-1.98474,5.30644
835,1,2,GHA.3.9_1,-0.733333,5.3
836,1,3,GHA.4.15_1,-0.35,5.85
837,1,10,GHA.5.1_1,-0.216667,5.55
838,1,1,GHA.5.6_1,0.056219,5.68821
839,1,1,GHA.9.3_1,0.536667,6.91428
815,4,1,GIB,-5.35,36.133333
739,4,2,GIN,-10,11
717,4,2,GMB,-15.5,13.5
714,1,1,GMB.1.1_1,-16.5775,13.4531
712,1,2,GMB.1.2_1,-16.6819,13.4781
716,1,1,GMB.3.1_1,-14.8167,13.5333
715,1,2,GMB.6.7_1,-16.5264,13.2472
713,1,1,GMB.6.8_1,-16.6253,13.3317
983,4,2,GNQ,10,2
1098,4,15,GRC,22,39
1097,1,2,GRC.1.1_1,26.25,39.1667
1094,1,2,GRC.1.2_1,25.0833,37.0333
1095,1,3,GRC.1.2_1,25.3333,37.45
1096,1,2,GRC.1.2_1,25.4592,36.3956
1093,1,22,GRC.3.1_1,23.7333,37.9833
1090,1,2,GRC.6.1_1,22.0472,40.8006
1091,1,1,GRC.6.1_1,22.9875,40.6006
1092,1,1,GRC.6.1_1,23.5,40.4167
1088,1,2,GRC.7.3_1,21.15,37.9333
1089,1,2,GRC.8.1_1,21.5,38.25
642,4,7,GTM,-90.25,15.5
640,1,2,GTM.13.16_1,-91.5167,14.8333
641,1,2,GTM.7.37_1,-90.5269,14.6211
1969,4,2,GUM,144.793732,13.444304
708,1,2,GUY.3.2_1,-58.1667,6.8
1867,4,1,HKG,114.166667,22.25
1866,1,1,HKG.13_1,114.1,22.3667
649,4,13,HND,-86.5,15
1023,4,7,HRV,15.5,45.166667
1022,1,1,HRV.20.5_1,16.0669,44.1439
1021,1,6,HRV.4.7_1,16,45.8
1019,1,1,HRV.6.12_1,15.1,45.15
1020,1,5,HRV.9.9_1,15.7097,44.7439
683,4,9,HTI,-72.416667,19
1072,4,2,HUN,20,47
1071,1,5,HUN.5.1_1,19.0833,47.5
1828,4,10,IDN,120,-5
1815,1,1,IDN.11.13_1,111.518,-7.6336
1816,1,7,IDN.11.18_1,112.337,-7.1046
1817,1,1,IDN.11.32_1,112.516,-7.4592
1818,1,1,IDN.11.35_1,112.751,-7.24917
1813,1,1,IDN.12.7_1,109.567,0.316667
1819,1,4,IDN.2.4_1,115.217,-8.65
1823,1,2,IDN.20.6_1,116.458,-8.4117
1824,1,1,IDN.20.6_1,116.687,-8.3791
1820,1,6,IDN.20.7_1,116.033,-8.35
1821,1,3,IDN.20.7_1,116.106,-8.4007
1822,1,4,IDN.20.8_1,116.116,-8.5837
1827,1,2,IDN.27.11_1,120.817,1.0392
1826,1,2,IDN.27.7_1,120,0
1807,1,1,IDN.32.15_1,98.3742,3.664
1814,1,2,IDN.33.1_1,110.283,-7.95
1809,1,1,IDN.4.6_1,106.224,-6.2575
1810,1,14,IDN.7.2_1,106.829,-6.17444
1811,1,1,IDN.7.4_1,106.907,-6.2006
1808,1,1,IDN.8.3_1,103.617,-1.6
1812,1,2,IDN.9.7_1,107.338,-7.4506
1723,4,19,IND,77,20
1601,1,2,IND.10.1_1,73.7333,15.5833
1602,1,2,IND.10.1_1,73.8333,15.4833
1591,1,10,IND.11.1_1,72.6167,23.0333
1611,1,1,IND.11.10_1,74.2667,22.8333
1592,1,3,IND.11.12_1,72.6833,23.2167
1586,1,1,IND.11.13_1,70.7147,20.7397
1583,1,1,IND.11.14_1,70.0667,22.4667
1584,1,1,IND.11.16_1,70.1333,23.0833
1585,1,1,IND.11.16_1,70.6333,23.5667
1590,1,2,IND.11.18_1,72.4,23.6
1596,1,3,IND.11.22_1,72.9,20.9667
1587,1,3,IND.11.26_1,70.7833,22.3
1599,1,2,IND.11.32_1,73.2,22.3
1600,1,5,IND.11.32_1,73.2,22.3
1598,1,1,IND.11.6_1,73,21.8833
1605,1,5,IND.11.9_1,74.0167,22.3167
1643,1,1,IND.12.1_1,76.7808,30.3783
1645,1,5,IND.12.10_1,76.9806,29.6161
1634,1,1,IND.12.6_1,75.7167,29.1667
1624,1,1,IND.14.1_1,75.1333,33.75
1626,1,6,IND.14.1_1,75.15,33.7333
1623,1,1,IND.14.11_1,75.0167,33.65
1619,1,10,IND.14.15_1,74.9167,33.8833
1609,1,2,IND.14.16_1,74.25,33.25
1627,1,2,IND.14.17_1,75.25,33.25
1610,1,2,IND.14.4_1,74.2642,34.0306
1612,1,1,IND.14.4_1,74.4667,34.3
1616,1,2,IND.14.6_1,74.7833,34.2333
1613,1,1,IND.14.7_1,74.5881,32.7653
1618,1,22,IND.14.7_1,74.8667,32.7333
1630,1,2,IND.14.9_1,75.5167,32.3667
1699,1,1,IND.15.12_1,85.2833,23.0833
1697,1,3,IND.15.14_1,84.7333,23.6833
1709,1,3,IND.15.16_1,87.7667,24.4667
1695,1,1,IND.15.17_1,84.0833,23.9167
1703,1,1,IND.15.18_1,85.8167,22.5667
1701,1,2,IND.15.21_1,85.3333,23.35
1706,1,1,IND.15.3_1,86.7667,24.3833
1696,1,2,IND.15.9_1,84.55,23.2833
1621,1,3,IND.16.26_1,75,14
1641,1,1,IND.17.2_1,76.2833,9.98333
1642,1,1,IND.17.2_1,76.3644,10.1092
1638,1,1,IND.17.9_1,76.0167,11
1640,1,2,IND.19.10_1,76.2333,21.3
1644,1,1,IND.19.15_1,76.9167,22.6
1689,1,1,IND.19.3_1,81.6833,23.1
1673,1,1,IND.19.30_1,79.2833,23.0333
1659,1,4,IND.19.37_1,78.3319,24.0436
1666,1,1,IND.19.37_1,78.8773,24.1033
1656,1,3,IND.19.4_1,78.1333,24.7167
1665,1,1,IND.19.47_1,78.7736,25.0213
1648,1,1,IND.19.9_1,77.4,23.2667
1694,1,1,IND.2.10_1,83.3,17.7
1678,1,2,IND.2.7_1,79.5167,14.2
1594,1,3,IND.20.17_1,72.8258,18.975
1595,1,20,IND.20.17_1,72.8258,18.975
1597,1,1,IND.20.18_1,72.9333,19.15
1669,1,6,IND.20.19_1,79.1,21.15
1676,1,3,IND.20.19_1,79.4667,21.1
1603,1,2,IND.20.26_1,73.8667,18.5333
1604,1,19,IND.20.26_1,73.8667,18.5333
1607,1,2,IND.20.26_1,74.0833,18.65
1608,1,2,IND.20.26_1,74.0833,18.65
1593,1,3,IND.20.33_1,72.7833,19.2833
1715,1,3,IND.22.1_1,90.5,25.5
1717,1,1,IND.22.10_1,91.5,25.5
1719,1,1,IND.23.1_1,92.7175,23.7244
1721,1,1,IND.23.2_1,93.3333,23.4667
1646,1,3,IND.25.1_1,77.2,28.6
1647,1,42,IND.25.1_1,77.2167,28.6667
1705,1,1,IND.26.17_1,86.4167,20.5
1617,1,2,IND.28.1_1,74.8656,31.6331
1620,1,1,IND.28.1_1,74.9325,31.6664
1629,1,1,IND.28.10_1,75.4733,31.1258
1632,1,1,IND.28.10_1,75.5792,31.3256
1637,1,5,IND.28.12_1,75.85,30.9
1633,1,3,IND.28.16_1,75.65,32.2833
1636,1,1,IND.28.20_1,75.8333,30.2333
1606,1,1,IND.28.6_1,74.0333,30.4
1614,1,1,IND.28.7_1,74.6,30.9167
1615,1,1,IND.29.1_1,74.6333,26.45
1622,1,3,IND.29.1_1,75,26.0667
1635,1,2,IND.29.17_1,75.8167,26.9167
1588,1,1,IND.29.18_1,70.9,26.9167
1589,1,2,IND.29.18_1,71.0837,27.0489
1639,1,1,IND.29.20_1,76.15,24.6
1628,1,1,IND.29.21_1,75.4014,28.1307
1625,1,2,IND.29.30_1,75.15,27.6167
1631,1,1,IND.29.32_1,75.5431,25.8386
1682,1,2,IND.31.2_1,80.2833,13.0833
1660,1,1,IND.32.1_1,78.35,19.1
1677,1,5,IND.32.10_1,79.5,18
1662,1,7,IND.32.2_1,78.4744,17.3753
1672,1,3,IND.32.7_1,79.2667,17.05
1718,1,1,IND.33.1_1,92,24
1671,1,2,IND.34.18_1,79.201,27.8318
1655,1,1,IND.34.2_1,78.0833,27.8833
1691,1,1,IND.34.25_1,81.9167,26.6
1684,1,5,IND.34.27_1,80.8,25.9333
1690,1,1,IND.34.3_1,81.8833,25.5
1649,1,2,IND.34.30_1,77.4333,28.6667
1653,1,2,IND.34.35_1,77.7833,28.7167
1670,1,1,IND.34.38_1,79.1491,26.3074
1663,1,1,IND.34.40_1,78.5833,25.4333
1683,1,2,IND.34.43_1,80.35,26.4667
1685,1,10,IND.34.49_1,80.9167,26.85
1686,1,1,IND.34.5_1,81.4167,26.25
1674,1,7,IND.34.52_1,79.3583,27.0529
1675,1,1,IND.34.52_1,79.3607,27.1932
1650,1,1,IND.34.55_1,77.6667,29.2333
1652,1,5,IND.34.55_1,77.7,28.9833
1651,1,2,IND.34.58_1,77.6833,29.4667
1681,1,1,IND.34.67_1,79.9167,27.8833
1679,1,2,IND.34.7_1,79.5167,26.4667
1692,1,1,IND.34.72_1,82.95,24.3667
1693,1,5,IND.34.75_1,83,25.3333
1668,1,1,IND.35.12_1,79.0333,29.3167
1661,1,1,IND.35.13_1,78.45,30.7333
1654,1,1,IND.35.5_1,78.0333,30.3167
1658,1,1,IND.35.6_1,78.3167,30.1167
1664,1,1,IND.35.6_1,78.6167,29.8
1667,1,1,IND.35.6_1,78.9,29.9333
1657,1,2,IND.35.7_1,78.1667,29.9667
1680,1,3,IND.35.8_1,79.5667,29.35
1712,1,11,IND.36.11_1,88.3697,22.5697
1711,1,1,IND.36.13_1,88.2667,24.1833
1713,1,2,IND.36.15_1,88.515,22.8119
1714,1,2,IND.36.15_1,88.9256,22.2583
1708,1,1,IND.36.16_1,87.3333,22.4333
1707,1,1,IND.36.3_1,86.9833,23.6833
1710,1,1,IND.36.3_1,87.8694,23.2406
1722,1,1,IND.4.12_1,93.75,26.6333
1716,1,1,IND.4.2_1,91,26.3167
1720,1,1,IND.4.25_1,92.8,26.6333
1702,1,2,IND.5.23_1,85.5167,25.1833
1698,1,3,IND.5.26_1,85.1167,25.6
1700,1,1,IND.5.34_1,85.3,26.5167
1704,1,3,IND.5.9_1,85.9,26.1667
1687,1,1,IND.7.22_1,81.6333,21.2333
1688,1,1,IND.7.24_1,81.6667,18.4
764,4,15,IRL,-8,53
759,1,4,IRL.1_1,-6.86167,52.5731
757,1,1,IRL.10_1,-7.345,52.5339
758,1,1,IRL.10_1,-7.06278,52.4889
755,1,3,IRL.22_1,-7.82833,52.4681
756,1,1,IRL.22_1,-7.39306,52.3714
751,1,2,IRL.4_1,-8.7425,51.7469
752,1,1,IRL.4_1,-8.53056,51.7075
754,1,1,IRL.5_1,-8.11667,54.65
760,1,1,IRL.6_1,-6.34611,53.3378
761,1,2,IRL.6_1,-6.32889,53.3561
762,1,13,IRL.6_1,-6.24889,53.3331
763,1,2,IRL.6_1,-6.06528,53.3878
753,1,1,IRL.7_1,-8.1325,53.1975
1489,4,41,IRN,53,32
1476,1,2,IRN.1.3_1,50.7422,35.8531
1477,1,1,IRN.1.3_1,50.7925,36.1694
1486,1,2,IRN.11.2_1,56.2808,27.1865
1470,1,1,IRN.14.1_1,46.5308,34.2635
1471,1,1,IRN.14.5_1,47.065,34.3142
1473,1,1,IRN.15.1_1,48.3043,30.3392
1472,1,1,IRN.15.10_1,48.1664,30.4397
1474,1,1,IRN.15.2_1,48.6693,31.3203
1469,1,1,IRN.17.5_1,46.1763,35.527
1487,1,1,IRN.24.14_1,57.7875,35.8525
1488,1,2,IRN.27.2_1,60.0365,31.5419
1481,1,1,IRN.28.1_1,52.065,35.7178
1478,1,31,IRN.28.8_1,51.5148,35.75
1479,1,2,IRN.28.9_1,51.5689,35.4394
1483,1,2,IRN.3.7_1,52.3269,27.8279
1485,1,5,IRN.30.7_1,54.3675,31.8972
1468,1,2,IRN.5.7_1,45.7159,38.4337
1480,1,1,IRN.6.16_1,51.6714,32.6597
1482,1,1,IRN.7.6_1,52.2295,28.5934
1484,1,1,IRN.7.9_1,53.1874,30.608
1475,1,1,IRN.8.11_1,49.3381,37.1574
1411,4,69,IRQ,44,33
1394,1,4,IRQ.1.2_1,43.7167,33.3667
1382,1,2,IRQ.1.5_1,41.7836,34.5099
1391,1,2,IRQ.1.6_1,43.4833,33.0833
1381,1,1,IRQ.1.7_1,40.2859,33.0372
1399,1,57,IRQ.10.1_1,44.3939,33.3386
1403,1,3,IRQ.13.2_1,44.6437,33.7466
1404,1,1,IRQ.13.2_1,44.7611,33.9236
1400,1,2,IRQ.13.3_1,44.3958,33.6744
1402,1,2,IRQ.13.3_1,44.5396,33.6706
1407,1,1,IRQ.13.5_1,45.3906,34.3482
1405,1,3,IRQ.13.6_1,44.9167,34.6
1406,1,1,IRQ.13.6_1,45.1546,34.519
1409,1,3,IRQ.15.1_1,47.3,31.75
1388,1,11,IRQ.16.10_1,43.1807,36.5085
1385,1,1,IRQ.16.5_1,42.7339,35.5729
1386,1,1,IRQ.16.6_1,42.9636,36.4263
1387,1,1,IRQ.16.6_1,43.15,36.3667
1389,1,3,IRQ.16.6_1,43.2597,36.1642
1390,1,2,IRQ.16.6_1,43.2953,35.7988
1383,1,1,IRQ.16.9_1,42.1631,36.5933
1384,1,1,IRQ.16.9_1,42.4481,36.3791
1392,1,3,IRQ.17.5_1,43.4931,34.9307
1396,1,1,IRQ.17.6_1,43.8431,34.0842
1397,1,2,IRQ.17.6_1,43.8739,34.1966
1410,1,7,IRQ.2.4_1,47.4167,31
1395,1,2,IRQ.6.1_1,43.7839,36.2862
1393,1,1,IRQ.6.4_1,43.5797,35.7762
1408,1,1,IRQ.7.4_1,45.9679,35.182
1398,1,20,IRQ.8.4_1,44.3922,35.4681
1401,1,3,IRQ.9.4_1,44.4116,32.5312
711,4,8,ISL,-18,65
1320,4,105,ISR,34.75,31.5
1297,1,1,ISR.2_1,34.2846,31.2278
1298,1,6,ISR.2_1,34.3333,31.4167
1299,1,117,ISR.2_1,34.3333,31.4167
1300,1,2,ISR.2_1,34.4016,31.3511
1301,1,3,ISR.2_1,34.5715,31.6693
1302,1,16,ISR.2_1,34.5969,31.525
1303,1,3,ISR.2_1,34.755,31.3934
1305,1,1,ISR.2_1,34.7863,31.2516
1306,1,1,ISR.2_1,34.7863,31.2516
1309,1,56,ISR.2_1,35.1,31.5333
1312,1,121,ISR.2_1,35.2333,31.7667
1313,1,8,ISR.2_1,35.2333,31.8
1314,1,1,ISR.2_1,35.25,31.8
1311,1,1,ISR.3_1,35.1535,32.5172
1307,1,1,ISR.4_1,34.8867,32.0114
1308,1,1,ISR.4_1,34.9856,31.9339
1310,1,1,ISR.5_1,35.1127,33.0602
1315,1,1,ISR.5_1,35.2895,32.6095
1316,1,3,ISR.5_1,35.3048,32.6993
1317,1,1,ISR.5_1,35.3333,32.9
1318,1,1,ISR.5_1,35.3371,32.8509
1319,1,4,ISR.5_1,35.5,32.6667
1304,1,27,ISR.7_1,34.7667,32.0667
970,4,53,ITA,12.833333,42.833333
956,1,2,ITA.10.7_1,10.6833,45.15
953,1,12,ITA.10.8_1,9.2,45.4667
954,1,1,ITA.10.8_1,9.2,45.4667
955,1,1,ITA.10.8_1,9.21667,45.55
963,1,1,ITA.11.4_1,13.45,43.3
960,1,1,ITA.15.1_1,12.6,35.5
964,1,4,ITA.15.1_1,13.5667,37.3167
965,1,1,ITA.15.3_1,15,37.75
962,1,1,ITA.15.6_1,13.3667,38.1167
969,1,1,ITA.2.1_1,16.85,41.1333
968,1,2,ITA.4.1_1,16.6167,38.9833
967,1,1,ITA.4.2_1,16.4833,39.7667
966,1,1,ITA.4.4_1,15.9,38.4167
957,1,1,ITA.6.1_1,11.0167,44.3
961,1,1,ITA.8.3_1,13.2833,42.6333
958,1,3,ITA.8.4_1,12.4833,41.9
959,1,29,ITA.8.4_1,12.4833,41.9
952,1,1,ITA.9.2_1,7.76667,43.8167
666,4,3,JAM,-77.5,18.25
662,1,2,JAM.10_1,-77.9188,18.4712
663,1,1,JAM.11_1,-76.8152,18.2297
665,1,1,JAM.12_1,-76.4093,17.8814
664,1,1,JAM.6_1,-76.7399,17.991
831,4,4,JEY,-2.116667,49.216667
1327,4,19,JOR,36,31
1326,1,6,JOR.2.1_1,35.9333,31.95
1325,1,4,JOR.4.4_1,35.7686,32.0103
1324,1,1,JOR.7.7_1,35.7047,31.1847
1968,4,28,JPN,138,36
1960,1,7,JPN.11.9_1,132.45,34.4
1967,1,1,JPN.12.149_1,141.906,43.4864
1959,1,1,JPN.18.26_1,130.3,30.8
1963,1,1,JPN.19.30_1,139.667,35.2836
1961,1,1,JPN.22.6_1,135.5,35
1958,1,2,JPN.32.36_1,127.73,26.259
1966,1,1,JPN.38.40_1,141.283,24.75
1964,1,29,JPN.41.6_1,139.751,35.685
1965,1,1,JPN.45.14_1,140.276,38.3264
1962,1,4,JPN.47.11_1,138.55,35.7667
1574,4,1,KAZ,68,48
1573,1,2,KAZ.14.1_1,71.3667,42.9
1278,4,11,KEN,38,1
1266,1,1,KEN.1.4_1,35.9878,0.472451
1268,1,1,KEN.1.4_1,36.257,0.633458
1265,1,1,KEN.16.8_1,34.9453,-0.775844
1275,1,2,KEN.19.2_1,39.0833,-4.55
1277,1,4,KEN.21.2_1,40.8991,-2.26925
1274,1,1,KEN.25.2_1,38.65,3.55
1263,1,2,KEN.27.6_1,34.4731,-1.06343
1272,1,15,KEN.30.16_1,36.8167,-1.28333
1271,1,2,KEN.30.17_1,36.7816,-1.22609
1269,1,7,KEN.31.6_1,36.3597,-0.767317
1270,1,13,KEN.31.6_1,36.4359,-0.716667
1264,1,2,KEN.34.2_1,34.9,-0.633333
1261,1,1,KEN.4.1_1,33.9528,0.057004
1267,1,1,KEN.43.2_1,36,3.5
1273,1,1,KEN.6.3_1,37.6472,-0.686544
1276,1,2,KEN.7.4_1,39.6401,-0.453548
1262,1,2,KEN.8.1_1,34.4571,-0.527309
1725,1,2,KGZ.2.1_1,74.6003,42.8731
1855,4,2,KHM,105,13
1853,1,7,KHM.16.3_1,104.917,11.55
1854,1,2,KHM.18.5_1,105.063,13.5943
1957,4,15,KOR,127.5,37
1956,1,1,KOR.10.6_1,128.324,34.9763
1952,1,1,KOR.11.1_1,126.732,37.4536
1954,1,11,KOR.16.13_1,127,37.5664
1955,1,1,KOR.5.2_1,127.42,36.3214
1953,1,2,KOR.8.3_1,126.916,37.4217
1490,4,14,KWT,47.75,29.5
1850,4,1,LAO,105,18
1849,1,4,LAO.10.3_1,102.254,21.1011
1323,4,10,LBN,35.833333,33.833333
1322,1,11,LBN.3.1_1,35.5097,33.8719
1321,1,1,LBN.8.3_1,35.3689,33.5631
1003,4,21,LBY,17,25
1002,1,1,LBY.13_1,22.6367,32.767
996,1,3,LBY.15_1,13.9942,31.7566
999,1,1,LBY.15_1,15.1125,32.0146
1001,1,2,LBY.19_1,18.5667,30.5167
993,1,3,LBY.20_1,13.1667,32.85
994,1,29,LBY.20_1,13.18,32.8925
995,1,4,LBY.20_1,13.2697,32.8133
997,1,2,LBY.22_1,14,28.25
1000,1,1,LBY.5_1,16.139,29.1614
998,1,2,LBY.8_1,14.5687,32.4674
1733,4,3,LKA,81,7
1729,1,1,LKA.17.15_1,80.4167,5.96667
1730,1,1,LKA.20.1_1,80.4798,6.9655
1732,1,3,LKA.20.4_1,80.7833,6.95
1726,1,2,LKA.5.1_1,79.8478,6.93194
1728,1,1,LKA.6.8_1,80.2139,6.0426
1727,1,1,LKA.7.10_1,80,7.1333
1731,1,1,LKA.8.11_1,80.6941,6.1521
1180,1,4,LSO.1_1,27.966,-29.1081
1179,1,1,LSO.5_1,27.4833,-29.3167
1138,1,3,LTU.10.6_1,25.3167,54.6833
1133,4,3,LVA,25,57
1132,1,2,LVA.3.3_1,24.1,56.95
750,4,3,MAR,-5,32
749,1,8,MAR.10.4_1,-2.92866,35.174
748,1,3,MAR.11.2_1,-6.83,34.02
746,1,1,MAR.2.2_1,-8.91218,32.3568
747,1,2,MAR.5.1_1,-7.61,33.59
951,1,1,MCO,7.42738,43.7393
1467,4,1,MDG,47,-20
1466,1,1,MDG.2.2_1,50.2807,-14.9025
1465,1,1,MDG.3.5_1,47.4544,-21.2592
1464,1,1,MDG.6.4_1,45.5385,-20.0082
1724,4,3,MDV,73,3.2
636,4,63,MEX,-102,23
624,1,2,MEX.1.5_1,-102.467,21.9583
627,1,3,MEX.12.1_1,-99.9167,16.85
626,1,1,MEX.12.59_1,-100.733,17.2
623,1,2,MEX.14.43_1,-103.333,20.6667
625,1,1,MEX.16.86_1,-102.333,20.2833
635,1,1,MEX.23.2_1,-87.0667,20.6167
620,1,1,MEX.26.27_1,-110.9,27.9333
619,1,1,MEX.26.60_1,-111.517,31.45
631,1,4,MEX.27.9_1,-93.8833,17.9167
628,1,1,MEX.28.27_1,-99.5167,27.5
617,1,1,MEX.3.5_1,-117.017,32.5333
618,1,2,MEX.3.5_1,-117.017,32.5333
630,1,1,MEX.30.203_1,-97.4833,20.1833
632,1,1,MEX.5.44_1,-93.7833,16.4167
634,1,1,MEX.5.53_1,-91.75,16.5
621,1,1,MEX.6.36_1,-106.483,31.7333
622,1,3,MEX.6.36_1,-106.483,31.7333
629,1,2,MEX.9.2_1,-99.1386,19.4342
1976,1,1,MHL,171.133,7.08333
1100,4,8,MKD,22,41.833333
1099,1,2,MKD.40_1,21.2489,41.3689
772,4,9,MLI,-4,17
765,1,10,MLI.1.1_1,-8,12.65
770,1,1,MLI.2.1_1,0.9015,15.5943
771,1,2,MLI.2.4_1,2.4022,15.9182
766,1,2,MLI.6.3_1,-4.23333,14.0167
767,1,2,MLI.6.6_1,-4.20515,14.4879
768,1,8,MLI.6.6_1,-4.19283,14.4891
769,1,5,MLI.9.4_1,-3.6209,15.774
1008,4,10,MLT,14.433333,35.916667
1006,1,1,MLT.2.7_1,14.25,36.0494
1007,1,6,MLT.3.6_1,14.4719,35.8783
1806,4,8,MMR,98,22
1793,1,11,MMR.1.4_1,94.9833,15.7667
1792,1,1,MMR.12.4_1,94.5833,24.1667
1795,1,1,MMR.12.5_1,95.1167,21.9833
1803,1,1,MMR.13.3_1,97.4,23.0833
1799,1,2,MMR.15.1_1,96.1911,16.7769
1797,1,7,MMR.15.4_1,96.1561,16.8053
1801,1,2,MMR.2.3_1,96.4333,18.9333
1802,1,1,MMR.2.3_1,96.6,18.6
1804,1,5,MMR.4.2_1,97.4333,25.35
1794,1,2,MMR.7.4_1,95.1167,18.9833
1800,1,1,MMR.8.1_1,96.2467,21.605
1796,1,5,MMR.8.2_1,96.0833,22
1798,1,1,MMR.8.2_1,96.1667,22
1805,1,1,MMR.9.1_1,97.8022,16.25
1857,4,1,MNG,105,46
1856,1,1,MNG.21.1_1,106.917,47.9167
1251,1,1,MOZ.1.13_1,40.6328,-10.7067
1249,1,1,MOZ.5.2_1,32.5892,-25.9653
1250,1,1,MOZ.7.17_1,39.1347,-15.0761
1509,1,1,MUS.9_1,57.5739,-20.0136
1258,1,2,MWI.11.1_1,33.7833,-13.9833
1260,1,1,MWI.22.6_1,34.6833,-14.8333
1259,1,1,MWI.25.3_1,33.8546,-11.0195
1848,4,21,MYS,112.5,2.5
1846,1,3,MYS.13.18_1,118.118,5.8402
1847,1,1,MYS.13.19_1,118.611,4.48178
1844,1,1,MYS.14.11_1,110.333,1.55
1845,1,1,MYS.14.16_1,115,4
1840,1,1,MYS.15.4_1,101.4,3
1839,1,3,MYS.15.6_1,101.25,3.35
1843,1,1,MYS.16.5_1,103.141,5.3302
1842,1,1,MYS.3.2_1,101.964,4.8823
1841,1,12,MYS.4.1_1,101.7,3.16667
1014,4,2,NAM,17,-22
1013,1,2,NAM.12.4_1,17.4333,-20.5833
1011,1,1,NAM.2.5_1,14.5333,-22.6833
1012,1,2,NAM.2.6_1,15.6667,-23.3667
1973,4,1,NCL,165.5,-21.5
1971,1,1,NCL.3.9_1,166.45,-22.2667
853,4,8,NER,8,16
852,1,1,NER.1.3_1,5.56056,19.3706
851,1,1,NER.7.5_1,0.866879,13.9568
926,4,26,NGA,8,10
890,1,6,NGA.1.16_1,7.48959,5.52627
900,1,2,NGA.11.2_1,7.93773,5.88674
889,1,1,NGA.14.2_1,7.4786,6.0742
891,1,1,NGA.14.4_1,7.4943,6.4402
892,1,15,NGA.15.3_1,7.53333,9.08333
919,1,10,NGA.16.5_1,11.3952,10.8235
883,1,5,NGA.17.24_1,7.03041,5.48333
879,1,2,NGA.19.1_1,6.78036,11.0154
886,1,2,NGA.19.1_1,7.1,10.8833
888,1,2,NGA.19.10_1,7.44028,10.5231
899,1,1,NGA.19.16_1,7.74564,11.2449
898,1,4,NGA.19.19_1,7.72518,11.1132
885,1,3,NGA.19.2_1,7.1,10.3167
906,1,4,NGA.19.22_1,8.46667,9.71667
894,1,1,NGA.19.4_1,7.66667,10.7167
902,1,1,NGA.20.19_1,7.97593,11.8735
909,1,3,NGA.20.31_1,8.51667,11.9964
904,1,9,NGA.20.4_1,8.25082,11.4148
893,1,4,NGA.21.21_1,7.60063,12.9894
897,1,1,NGA.21.30_1,7.71995,12.7243
895,1,1,NGA.21.8_1,7.67423,11.2989
863,1,3,NGA.22.14_1,4.34151,11.5632
871,1,1,NGA.23.10_1,6.1063,7.6643
884,1,1,NGA.23.4_1,7.04883,7.91191
865,1,1,NGA.24.8_1,4.55,8.5
858,1,13,NGA.25.14_1,3.39583,6.45306
857,1,1,NGA.25.15_1,3.36667,6.51667
856,1,6,NGA.25.5_1,3.35917,6.44556
908,1,2,NGA.26.11_1,8.51667,8.31667
915,1,1,NGA.26.2_1,9.23333,8.41667
859,1,2,NGA.28.16_1,3.53333,7.23333
896,1,3,NGA.3.14_1,7.71081,5.17938
864,1,1,NGA.30.12_1,4.41667,7.25
860,1,1,NGA.31.25_1,3.82444,7.26472
861,1,2,NGA.31.30_1,3.83333,7.96667
862,1,1,NGA.31.8_1,3.89639,7.38778
911,1,1,NGA.32.1_1,8.95,9.7
913,1,2,NGA.32.11_1,9.01667,9.48333
876,1,1,NGA.33.1_1,6.64417,4.85678
877,1,1,NGA.33.2_1,6.65353,5.07395
868,1,1,NGA.34.11_1,5.28464,13.2188
866,1,1,NGA.34.21_1,5.1938,13.0303
867,1,6,NGA.34.21_1,5.23902,13.0609
869,1,4,NGA.34.7_1,5.53616,13.5114
916,1,3,NGA.35.2_1,10.8667,7.96667
920,1,1,NGA.36.15_1,12.2165,12.3431
918,1,2,NGA.36.17_1,11.0311,13.0326
873,1,1,NGA.37.10_1,6.28493,12.3337
878,1,3,NGA.37.14_1,6.66445,13.059
880,1,5,NGA.37.14_1,6.7834,12.7776
875,1,16,NGA.37.7_1,6.63738,12.2658
874,1,2,NGA.37.8_1,6.63333,12.55
872,1,4,NGA.37.9_1,6.24395,12.5657
882,1,1,NGA.4.13_1,6.97655,6.1842
887,1,1,NGA.4.20_1,7.31564,6.01767
881,1,1,NGA.4.21_1,6.84458,6.15164
917,1,2,NGA.5.4_1,10.9667,11.4833
870,1,4,NGA.6.6_1,6,4.83333
907,1,1,NGA.7.13_1,8.5121,7.7411
905,1,2,NGA.7.14_1,8.2767,7.083
910,1,3,NGA.7.5_1,8.63333,7.3
921,1,2,NGA.8.10_1,12.9855,12.9975
923,1,4,NGA.8.10_1,13.184,12.944
924,1,7,NGA.8.10_1,13.6079,12.6786
922,1,10,NGA.8.22_1,13.1603,11.8464
925,1,3,NGA.8.3_1,14.0201,11.6621
914,1,1,NGA.9.12_1,9.17157,6.66737
901,1,1,NGA.9.15_1,7.9642,5.34079
903,1,3,NGA.9.2_1,8.12181,5.2579
912,1,4,NGA.9.5_1,8.96993,6.67835
653,4,1,NIC,-85,13
650,1,2,NIC.13.2_1,-86.2683,12.1508
651,1,1,NIC.18.8_1,-85.8705,11.2529
652,1,2,NIC.2.1_1,-83.7635,12.0137
934,4,24,NLD,5.75,52.5
933,1,1,NLD.1.12_1,6.27827,52.9134
932,1,1,NLD.7.10_1,5.89882,50.8319
931,1,4,NLD.9.4_1,4.91667,52.35
985,4,5,NOR,10,62
984,1,3,NOR.12.1_1,10.75,59.9167
1769,4,3,NPL,84,28
1765,1,3,NPL.1.1_1,85.3167,27.7167
1766,1,2,NPL.1.1_1,85.3595,27.6986
1767,1,1,NPL.1.1_1,85.43,27.673
1768,1,1,NPL.2.1_1,87.1667,26.6667
1764,1,1,NPL.5.2_1,83.8929,28.1311
1974,4,2,NRU,166.916667,-0.533333
1987,4,7,NZL,174,-42
1980,1,1,NZL.1.1_1,174.733,-36.8667
1978,1,1,NZL.11.1_1,173.8,-35.4167
1977,1,1,NZL.16.1_1,172.767,-41.9
1983,1,1,NZL.17.6_1,175.733,-38.7833
1982,1,1,NZL.18.5_1,174.85,-41.1333
1981,1,7,NZL.18.8_1,174.783,-41.3
1985,1,1,NZL.2.4_1,176.383,-38.2833
1984,1,1,NZL.2.6_1,176.217,-37.9
1986,1,3,NZL.5.1_1,177.967,-38.6667
1979,1,1,NZL.8.1_1,173.95,-41.5167
1508,4,1,OMN,57,21
1506,1,1,OMN.1.7_1,57.5333,22.9333
1505,1,1,OMN.2.1_1,57.2525,23.7656
1503,1,1,OMN.2.5_1,56.4658,24.7433
1502,1,2,OMN.5.1_1,56.1405,23.456
1504,1,1,OMN.5.2_1,56.4973,23.2325
1507,1,2,OMN.7.1_1,58.25,22.5
1500,1,1,OMN.9.4_1,54.0924,17.015
1501,1,2,OMN.9.4_1,54.1653,17.0425
1548,4,50,PAK,70,30
1537,1,2,PAK.1.1_1,73.4349,34.4135
1543,1,2,PAK.1.1_1,73.8364,34.3293
1513,1,1,PAK.2.1_1,64.239,25.2972
1512,1,5,PAK.2.2_1,63.3153,25.6921
1511,1,2,PAK.2.4_1,61.5662,29.2777
1514,1,5,PAK.2.4_1,64.4101,28.8947
1515,1,2,PAK.2.4_1,67.0097,30.199
1534,1,1,PAK.4.1_1,73.1202,33.5573
1535,1,11,PAK.4.1_1,73.1667,33.7
1522,1,1,PAK.5.3_1,70.1669,32.5036
1536,1,2,PAK.5.4_1,73.2,34.3333
1527,1,5,PAK.5.6_1,72.1502,34.796
1531,1,2,PAK.5.6_1,72.8164,34.945
1529,1,2,PAK.5.7_1,72.5438,34.0472
1525,1,3,PAK.5.8_1,71.5733,34.0078
1539,1,3,PAK.6.1_1,73.5939,35.5609
1544,1,2,PAK.6.1_1,74.1035,35.4117
1547,1,1,PAK.6.1_1,75,36
1542,1,2,PAK.7.1_1,73.8222,30.3125
1523,1,1,PAK.7.2_1,70.5979,30.2234
1533,1,4,PAK.7.3_1,73.0833,31.4167
1540,1,2,PAK.7.3_1,73.6222,31.2931
1541,1,1,PAK.7.4_1,73.751,32.0387
1545,1,1,PAK.7.4_1,74.2849,32.3879
1538,1,1,PAK.7.5_1,73.4458,30.8081
1546,1,10,PAK.7.5_1,74.3436,31.5497
1524,1,2,PAK.7.6_1,71.4753,30.1956
1526,1,1,PAK.7.7_1,71.9522,32.7756
1530,1,1,PAK.7.7_1,72.5865,33.8128
1532,1,1,PAK.7.7_1,73.0667,33.6
1528,1,2,PAK.7.8_1,72.3462,31.8571
1517,1,1,PAK.8.1_1,68.0211,24.6711
1518,1,4,PAK.8.1_1,68.4175,24.96
1516,1,16,PAK.8.2_1,67.05,24.8667
1519,1,4,PAK.8.3_1,68.6379,27.9571
1521,1,1,PAK.8.4_1,69.5733,25.36
1520,1,1,PAK.8.5_1,69.4917,26.8167
659,1,1,PAN.12.6_1,-79.5333,8.96667
674,4,5,PER,-76,-10
668,1,4,PER.10.6_1,-76.7968,-9.9653
669,1,1,PER.5.10_1,-74.32,-13.6742
670,1,6,PER.5.2_1,-74.2239,-13.1583
671,1,5,PER.5.2_1,-73.9914,-13.2628
672,1,2,PER.8.13_1,-72.5314,-13.1583
673,1,4,PER.8.3_1,-72.0567,-13.0528
1946,4,4,PHL,122,13
1914,1,6,PHL.13.10_1,120.55,16.45
1943,1,3,PHL.2.2_1,125.591,8.99
1929,1,3,PHL.20.36_1,123.017,13.8
1934,1,1,PHL.25.14_1,123.64,10.1061
1944,1,5,PHL.28.2_1,125.613,7.07306
1945,1,2,PHL.28.2_1,125.613,7.07306
1942,1,4,PHL.31.2_1,125.387,11.1097
1927,1,3,PHL.36.20_1,122.266,10.7157
1923,1,1,PHL.4.12_1,121.926,11.9653
1935,1,1,PHL.42.16_1,124.284,8.0034
1936,1,2,PHL.42.16_1,124.284,8.0034
1937,1,1,PHL.44.12_1,124.483,7.03333
1918,1,1,PHL.47.11_1,121,14.5167
1921,1,1,PHL.47.14_1,121.054,14.6069
1922,1,1,PHL.47.16_1,121.079,14.5243
1920,1,1,PHL.47.3_1,121.017,14.5329
1916,1,14,PHL.47.6_1,120.982,14.6042
1919,1,1,PHL.47.6_1,121,14.5833
1915,1,1,PHL.47.9_1,120.95,14.65
1932,1,1,PHL.5.8_1,123.439,13.2997
1930,1,1,PHL.52.10_1,123.307,9.307
1941,1,3,PHL.53.11_1,125.113,7.11194
1939,1,7,PHL.53.12_1,125.092,6.95694
1940,1,2,PHL.53.12_1,125.097,6.95167
1912,1,2,PHL.61.18_1,120.367,16.0333
1913,1,1,PHL.61.46_1,120.378,15.8334
1928,1,1,PHL.62.17_1,122.317,13.8449
1938,1,4,PHL.70.7_1,124.667,6.44528
1917,1,1,PHL.73.2_1,121,6.05
1926,1,1,PHL.79.25_1,122.135,7.70611
1931,1,2,PHL.79.3_1,123.4,8.63333
1924,1,4,PHL.9.4_1,121.971,6.7085
1925,1,1,PHL.9.4_1,121.989,6.591
1083,4,3,POL,20,52
1077,1,2,POL.3.24_1,19.352,51.8532
1078,1,5,POL.7.36_1,21,52.25
1079,1,1,POL.7.36_1,21.018,52.2018
1082,1,2,POL.9.15_1,22.7923,49.7825
1081,1,1,POL.9.4_1,22.6778,50.0164
1080,1,1,POL.9.9_1,22.313,50.022
689,4,5,PRI,-66.4838,18.2359
1951,4,11,PRK,127,40
1947,1,7,PRK.10.6_1,125.408,38.7375
1948,1,31,PRK.11.5_1,125.755,39.0194
1950,1,5,PRK.3.8_1,127.202,40.4983
1949,1,1,PRK.6.3_1,126.554,37.9708
745,4,2,PRT,-8,39.5
741,1,3,PRT.12.7_1,-9.13333,38.7167
740,1,1,PRT.12.9_1,-9.32945,39.2546
742,1,1,PRT.15.12_1,-8.61099,41.1496
744,1,1,PRT.5.7_1,-7.05202,41.4342
743,1,10,PRT.9.9_1,-8.55529,37.3177
709,1,1,PRY.10.3_1,-57.0597,-23.3428
1295,4,14,PSE,34.373398,31.425074
1296,4,3,PSE,35.25,31.666667
1280,1,1,PSE.1.3_1,34.4945,31.5364
1279,1,1,PSE.1.5_1,34.2311,31.3292
1282,1,4,PSE.2.1_1,35.1838,31.6936
1285,1,1,PSE.2.1_1,35.2038,31.7049
1293,1,4,PSE.2.3_1,35.3009,32.4594
1294,1,1,PSE.2.4_1,35.4676,31.9507
1286,1,1,PSE.2.5_1,35.2082,31.8629
1288,1,2,PSE.2.5_1,35.2381,31.7684
1284,1,1,PSE.2.6_1,35.1987,32.2756
1287,1,4,PSE.2.6_1,35.2223,32.1595
1289,1,1,PSE.2.6_1,35.2451,32.1471
1290,1,22,PSE.2.6_1,35.2636,32.2199
1291,1,2,PSE.2.6_1,35.2706,32.0646
1292,1,1,PSE.2.6_1,35.2729,32.2164
1281,1,1,PSE.2.8_1,35.1036,32.0333
1283,1,18,PSE.2.8_1,35.1955,31.9026
1494,4,4,QAT,51.25,25.5
1493,1,6,QAT.1_1,51.5333,25.2867
1137,4,10,ROU,25,46
1136,1,5,ROU.10.1_1,26.1,44.4333
1244,4,97,RUS,100,60
1232,1,8,RUS.14.1_1,30.2642,59.8944
1241,1,3,RUS.15.39_1,47.6612,42.4547
1243,1,1,RUS.30.21_1,73.4167,61.25
1236,1,3,RUS.34.3_1,37.3239,44.8908
1239,1,2,RUS.34.42_1,39.7257,43.5992
1235,1,1,RUS.37.25_1,36.704,52.0683
1237,1,10,RUS.43.1_1,37.6156,55.7522
1238,1,40,RUS.43.1_1,37.6156,55.7522
1240,1,1,RUS.5.2_1,46.3667,48.75
1242,1,1,RUS.53.22_1,59.9583,52.3247
1233,1,1,RUS.64.14_1,31.7067,54.1884
1234,1,2,RUS.7.3_1,36.5802,50.6107
1203,4,4,RWA,30,-2
1200,1,1,RWA.2.5_1,29.5739,-2.46397
1199,1,2,RWA.2.7_1,29.5048,-2.631
1201,1,2,RWA.4.2_1,29.6,-2
1202,1,4,RWA.5.3_1,30.0606,-1.95361
1380,4,86,SAU,45,25
1373,1,5,SAU.10_1,42.5511,16.8892
1374,1,3,SAU.10_1,42.5511,16.8892
1370,1,6,SAU.11_1,39.8261,21.4267
1371,1,17,SAU.11_1,39.8261,21.4267
1372,1,1,SAU.11_1,40.5262,21.1515
1375,1,1,SAU.6_1,43.6593,26.1442
1376,1,1,SAU.7_1,44.4167,25.4833
1377,1,11,SAU.7_1,45,25
1378,1,2,SAU.7_1,46.6865,22.2061
1379,1,44,SAU.7_1,46.7728,24.6408
1130,4,27,SDN,30,16
1126,1,1,SDN.17.1_1,28.4349,9.59525
1122,1,1,SDN.4.2_1,23.4741,12.9096
1123,1,13,SDN.4.2_1,23.5,13.5
1129,1,1,SDN.7.3_1,32.5342,15.5881
1124,1,2,SDN.8.2_1,24.35,14.0667
1125,1,1,SDN.8.4_1,25.55,14.1333
1128,1,3,SDN.9.1_1,30.35,13.0833
1127,1,1,SDN.9.4_1,29.0833,14.4167
719,4,3,SEN,-14,14
718,1,1,SEN.5.2_1,-16.2533,14.1825
1852,4,5,SGP,103.8,1.366667
1851,1,1,SGP.1_1,103.856,1.29306
1970,1,3,SLB.4.2_1,159.9729,-9.4456
738,4,3,SLE,-11.5,8.5
737,1,1,SLE.2.5_1,-11.7333,9.05
736,1,2,SLE.4.2_1,-13.2342,8.49
644,4,18,SLV,-88.916667,13.833333
643,1,1,SLV.5.2_1,-89.4333,13.5
1422,4,3,SOM,48,6
1421,1,4,SOM.12.3_1,49,9
1418,1,2,SOM.14.2_1,45.3855,2.36002
1420,1,2,SOM.16.2_1,47.8327,8.54763
1419,1,2,SOM.17.1_1,46,9
1414,1,5,SOM.18.3_1,43.9288,9.60555
1417,1,7,SOM.3.1_1,45.3667,2.06667
1413,1,1,SOM.5.1_1,43.6517,3.0258
1412,1,3,SOM.7.1_1,42.1667,2.08333
1415,1,1,SOM.8.1_1,45.2036,4.73583
1416,1,2,SOM.8.1_1,45.2036,4.73583
1076,4,2,SRB,21,44
1075,1,1,SRB.22.2_1,21.1483,43.0139
1074,1,6,SRB.3.8_1,20.4681,44.8186
1073,1,1,SRB.8.5_1,19.2689,44.5081
1178,4,1,SSD,30,8
1174,1,5,SSD.1.1_1,31.6012,4.84597
1173,1,1,SSD.1.3_1,30.7795,3.68957
1169,1,4,SSD.10.4_1,28.3955,4.57213
1170,1,3,SSD.4.2_1,28.7438,6.29789
1167,1,4,SSD.5.2_1,26.7817,8.82338
1172,1,1,SSD.6.1_1,30.2711,7.75227
1171,1,3,SSD.6.4_1,29.8333,9.23333
1176,1,1,SSD.7.2_1,33.2253,10.5637
1175,1,14,SSD.7.7_1,33.2167,8.43333
1177,1,1,SSD.7.7_1,33.45,8.51667
1168,1,2,SSD.9.2_1,27.6617,7.77555
710,4,2,SUR,-56,4
1084,4,3,SVK,19.5,48.666667
992,4,4,SWE,15,62
989,1,1,SWE.15.18_1,17.9167,59.35
990,1,4,SWE.15.18_1,18.05,59.3333
991,1,1,SWE.15.4_1,18.2167,59.1667
988,1,2,SWE.17.2_1,12.5667,59.6667
986,1,1,SWE.21.11_1,11.8811,57.6981
987,1,4,SWE.21.11_1,11.9667,57.7167
1358,4,61,SYR,38,35
1343,1,3,SYR.10.2_1,36.7234,36.187
1338,1,1,SYR.10.3_1,36.6339,35.9306
1339,1,55,SYR.10.3_1,36.6339,35.9306
1342,1,1,SYR.10.3_1,36.7035,35.9826
1333,1,2,SYR.10.4_1,36.2741,35.783
1340,1,2,SYR.10.5_1,36.65,35.4406
1341,1,1,SYR.10.5_1,36.65,35.4406
1328,1,1,SYR.11.3_1,35.7768,35.5148
1330,1,1,SYR.12.1_1,35.8246,33.1259
1334,1,29,SYR.13.6_1,36.3,33.5
1336,1,8,SYR.13.6_1,36.3833,33.5
1331,1,1,SYR.14.5_1,35.8866,34.889
1347,1,2,SYR.2.2_1,36.9929,36.3787
1345,1,1,SYR.2.3_1,36.859,36.7345
1346,1,1,SYR.2.6_1,36.9758,36.229
1348,1,1,SYR.2.6_1,37.0447,36.2935
1349,1,17,SYR.2.6_1,37.1586,36.2028
1350,1,3,SYR.2.6_1,37.3266,36.2251
1351,1,1,SYR.2.8_1,37.955,36.5282
1353,1,3,SYR.3.1_1,38.5443,35.8469
1354,1,12,SYR.3.1_1,39.0167,35.95
1337,1,10,SYR.4.1_1,36.5695,32.709
1344,1,1,SYR.4.1_1,36.8554,32.7637
1332,1,1,SYR.6.2_1,36.1021,32.6189
1356,1,2,SYR.7.1_1,40.827,34.6927
1357,1,2,SYR.7.1_1,40.9186,34.45
1355,1,8,SYR.7.2_1,40.1408,35.3359
1335,1,29,SYR.8.3_1,36.3406,35.0653
1352,1,2,SYR.9.5_1,38.2805,34.5608
1018,4,2,TCD,19,15
1017,1,1,TCD.22.1_1,15.0482,12.1085
854,4,2,TGO,1.166667,8
1838,4,18,THA,100,15
1830,1,1,THA.10.16_1,98.9847,18.7904
1831,1,2,THA.16.5_1,99.5501,14.0032
1835,1,6,THA.3.30_1,100.517,13.75
1836,1,1,THA.3.36_1,100.695,13.7174
1829,1,1,THA.48.2_1,98.3833,7.83333
1833,1,6,THA.59.3_1,99.9989,13.3643
1834,1,1,THA.61.5_1,100.067,6.62314
1832,1,2,THA.67.12_1,99.9964,9.50841
1837,1,4,THA.8.10_1,102.029,15.8105
1582,4,5,TJK,71,39
1575,1,11,TJK.1.1_1,68.7739,38.56
1581,1,1,TJK.3.10_1,69.783,37.9145
1577,1,1,TJK.3.13_1,69.3227,38.3892
1578,1,1,TJK.3.13_1,69.3227,38.3892
1576,1,4,TJK.3.24_1,69.0692,38.3454
1579,1,4,TJK.3.3_1,69.34,38.0958
1580,1,1,TJK.3.4_1,69.4036,37.4922
1510,4,1,TKM,60,40
707,4,4,TTO,-61,11
706,1,1,TTO.2_1,-61.4167,10.5167
979,4,11,TUN,9,34
978,1,6,TUN.17.12_1,10.7603,34.7406
977,1,2,TUN.20.15_1,10.637,35.8254
975,1,5,TUN.23.1_1,10.1797,36.8028
976,1,2,TUN.23.15_1,10.3183,36.8985
1166,4,28,TUR,34.911546,39.059012
1158,1,1,TUR.1.13_1,35.3289,37.0017
1144,1,1,TUR.12.12_1,27.5517,39.6269
1150,1,1,TUR.19.3_1,30.8852,40.192
1140,1,3,TUR.22.11_1,26.4064,40.1456
1155,1,2,TUR.23.3_1,32.9207,40.7844
1160,1,2,TUR.26.12_1,40.4811,38.5142
1142,1,1,TUR.28.7_1,26.5587,41.6757
1159,1,2,TUR.33.3_1,37.9072,36.8361
1162,1,1,TUR.36.2_1,43.7408,37.5744
1165,1,1,TUR.36.3_1,44.5742,37.3051
1164,1,1,TUR.38.3_1,44.045,39.9237
1147,1,11,TUR.40.20_1,28.9647,41.0186
1143,1,6,TUR.41.19_1,27.142,38.4104
1141,1,3,TUR.41.28_1,26.5044,38.2419
1157,1,2,TUR.47.7_1,35,39
1156,1,2,TUR.51.1_1,34.1602,39.6157
1152,1,1,TUR.53.10_1,32.1333,38.0085
1161,1,4,TUR.57.9_1,41.0278,37.49
1146,1,3,TUR.59.2_1,28.8028,36.7659
1145,1,1,TUR.59.8_1,28.3665,37.2181
1153,1,1,TUR.7.24_1,32.7686,39.9137
1154,1,32,TUR.7.7_1,32.8644,39.9272
1163,1,2,TUR.78.2_1,44.0172,38.0453
1148,1,4,TUR.8.12_1,30.3556,36.4655
1149,1,4,TUR.8.14_1,30.6956,36.9081
1151,1,1,TUR.8.15_1,30.9617,36.9517
1911,4,5,TWN,121,24
1906,1,2,TWN.1.1_1,118.318,24.4367
1907,1,1,TWN.2.1_1,120.291,22.7933
1908,1,1,TWN.4.1_1,120.639,24.1386
1909,1,8,TWN.6.1_1,121.532,25.0478
1910,1,4,TWN.7.6_1,121.583,24.0167
1257,4,10,TZA,35,-6
1252,1,3,TZA.13.11_1,32.7667,-9.3
1254,1,1,TZA.14.2_1,36.9152,-7.79199
1255,1,1,TZA.14.3_1,37.0532,-7.26035
1256,1,2,TZA.2.1_1,39.2833,-6.8
1253,1,3,TZA.3.4_1,36.0167,-6.26667
1218,4,6,UGA,33,2
1214,1,14,UGA.16.1_1,32.5656,0.315556
1216,1,3,UGA.16.1_1,32.5917,0.284444
1213,1,3,UGA.2.3_1,32.5386,1.97556
1211,1,6,UGA.25.1_1,32.1833,0.833333
1206,1,1,UGA.26.1_1,29.6983,-1.35389
1207,1,10,UGA.3.1_1,30.9111,3.02013
1217,1,1,UGA.4.1_1,33.65,0.5
1210,1,7,UGA.43.4_1,32.0228,0.4175
1208,1,1,UGA.51.1_1,31.1167,-0.1
1212,1,1,UGA.57.2_1,32.4469,0.064444
1215,1,1,UGA.57.3_1,32.5864,0.438056
1209,1,1,UGA.9.1_1,31.3436,1.43556
1113,4,14,UKR,32,49
1105,1,2,UKR.11.4_1,30.5167,50.4333
1106,1,13,UKR.11.4_1,30.5167,50.4333
1103,1,3,UKR.14.9_1,24.0305,49.8407
1112,1,6,UKR.15.12_1,39.3171,48.567
1111,1,7,UKR.15.21_1,38.5,48.5
1104,1,1,UKR.17.29_1,29.8572,47.1348
1108,1,1,UKR.21.17_1,33.8186,52.2358
1102,1,1,UKR.23.10_1,23.8703,47.946
1101,1,1,UKR.23.11_1,22.3,48.6167
1107,1,4,UKR.4.19_1,33.8011,45.1884
1109,1,3,UKR.4.20_1,34,45
1110,1,3,UKR.8.14_1,36.0667,49.8855
572,4,163,USA,-98.5795,39.828175
548,3,9,USA.1_1,-86.8073,32.799
310,2,1,USA.1.37_1,-86.8189,33.5537
311,2,1,USA.1.37_1,-86.8083,33.5537
309,2,2,USA.1.52_1,-86.9833,34.6059
555,3,62,USA.10_1,-81.717,27.8333
379,2,1,USA.10.10_1,-81.719,30.0933
388,2,1,USA.10.11_1,-81.4831,26.1337
377,2,1,USA.10.15_1,-81.7443,30.3777
362,2,2,USA.10.28_1,-82.4643,27.9884
363,2,1,USA.10.28_1,-82.4584,27.9475
373,2,3,USA.10.35_1,-81.9495,26.5629
375,2,1,USA.10.35_1,-81.8723,26.6406
338,2,1,USA.10.36_1,-84.2918,30.4408
348,2,1,USA.10.39_1,-83.6302,30.4694
367,2,2,USA.10.40_1,-82.2915,27.5009
405,2,1,USA.10.43_1,-80.2787,25.7195
407,2,8,USA.10.43_1,-80.1937,25.7743
384,2,1,USA.10.44_1,-81.5831,24.6671
395,2,1,USA.10.44_1,-80.9373,25.3129
313,2,3,USA.10.46_1,-86.5625,30.6874
391,2,3,USA.10.48_1,-81.3792,28.5383
392,2,9,USA.10.48_1,-81.3392,28.6
393,2,2,USA.10.48_1,-81.2915,28.4586
390,2,1,USA.10.49_1,-81.4076,28.292
401,2,1,USA.10.50_1,-80.6676,26.6845
403,2,2,USA.10.6_1,-80.4831,26.1504
371,2,4,USA.10.60_1,-82.0831,28.7086
553,3,17,USA.11_1,-83.6487,32.9866
370,2,3,USA.11.121_1,-82.0929,33.3849
336,2,1,USA.11.31_1,-84.4227,33.641
329,2,1,USA.11.33_1,-84.6155,34.0234
347,2,1,USA.11.35_1,-83.7801,31.1259
339,2,2,USA.11.44_1,-84.2333,33.7504
337,2,6,USA.11.60_1,-84.388,33.749
340,2,1,USA.11.60_1,-84.1986,34.0289
385,2,3,USA.11.63_1,-81.5332,31.2336
354,2,6,USA.11.66_1,-83.1665,33.5835
343,2,1,USA.11.67_1,-84.0499,33.9501
521,3,23,USA.12_1,-157.531,21.1098
8,2,1,USA.12.1_1,-155.098,19.7272
2,2,2,USA.12.2_1,-158.007,21.3156
3,2,2,USA.12.2_1,-157.858,21.3069
4,2,1,USA.12.2_1,-157.738,21.4128
1,2,1,USA.12.4_1,-160.149,21.9067
5,2,1,USA.12.5_1,-157.071,21.1711
6,2,1,USA.12.5_1,-156.662,20.8928
7,2,1,USA.12.5_1,-156.608,20.8792
527,3,10,USA.13_1,-114.51,44.2394
104,2,4,USA.13.1_1,-116.203,43.6135
105,2,1,USA.13.1_1,-116.183,43.5635
102,2,3,USA.13.14_1,-116.563,43.5407
117,2,1,USA.13.26_1,-112.626,44.0416
119,2,1,USA.13.6_1,-112.438,43.0332
110,2,1,USA.13.7_1,-114.33,43.5852
547,3,19,USA.14_1,-89.0022,40.3363
269,2,4,USA.14.10_1,-88.2434,40.1164
273,2,1,USA.14.100_1,-87.9656,41.512
274,2,2,USA.14.16_1,-87.9598,42.1514
275,2,1,USA.14.16_1,-87.8956,41.9173
276,2,2,USA.14.16_1,-87.8867,42.0203
278,2,1,USA.14.16_1,-87.8539,41.6303
279,2,5,USA.14.16_1,-87.8501,41.8334
282,2,1,USA.14.16_1,-87.7937,41.8506
283,2,3,USA.14.16_1,-87.7845,41.885
285,2,2,USA.14.16_1,-87.7323,41.7222
286,2,2,USA.14.16_1,-87.7292,41.8806
287,2,3,USA.14.16_1,-87.6992,41.9234
288,2,3,USA.14.16_1,-87.6964,41.775
289,2,8,USA.14.16_1,-87.6862,41.9014
290,2,3,USA.14.16_1,-87.6831,41.687
291,2,3,USA.14.16_1,-87.6667,41.6903
292,2,6,USA.14.16_1,-87.6667,41.7781
293,2,72,USA.14.16_1,-87.6501,41.85
294,2,3,USA.14.16_1,-87.6478,41.9217
295,2,2,USA.14.16_1,-87.6459,41.7798
296,2,2,USA.14.16_1,-87.6381,41.9023
297,2,2,USA.14.16_1,-87.6345,41.9
299,2,4,USA.14.16_1,-87.6329,41.7787
300,2,1,USA.14.16_1,-87.6223,41.8795
301,2,1,USA.14.16_1,-87.6181,41.7698
302,2,5,USA.14.16_1,-87.5998,41.7898
303,2,4,USA.14.16_1,-87.5939,41.7942
304,2,2,USA.14.16_1,-87.5778,41.762
271,2,1,USA.14.22_1,-88.057,41.8634
280,2,1,USA.14.23_1,-87.8461,39.5411
268,2,1,USA.14.45_1,-88.2695,41.7295
253,2,1,USA.14.48_1,-90.3712,40.9478
260,2,6,USA.14.55_1,-89.2826,40.2181
262,2,3,USA.14.56_1,-88.9548,39.8403
261,2,1,USA.14.65_1,-88.9992,40.5173
251,2,1,USA.14.70_1,-90.5596,39.8312
265,2,1,USA.14.75_1,-88.5734,40.0278
264,2,1,USA.14.77_1,-88.5878,37.4989
259,2,1,USA.14.85_1,-89.6437,39.8017
550,3,16,USA.15_1,-86.2604,39.8647
326,2,1,USA.15.2_1,-85.1289,41.1306
322,2,1,USA.15.27_1,-85.6591,40.5584
318,2,1,USA.15.50_1,-86.158,39.7684
319,2,1,USA.15.50_1,-86.1555,39.7684
317,2,3,USA.15.7_1,-86.2511,39.2073
541,3,32,USA.16_1,-93.214,42.0046
247,2,2,USA.16.29_1,-91.1129,40.8075
225,2,3,USA.16.77_1,-93.6091,41.6005
226,2,1,USA.16.77_1,-93.6052,41.73
242,2,11,USA.16.79_1,-92.4455,41.7336
539,3,32,USA.17_1,-96.8005,38.5111
168,2,2,USA.17.45_1,-98.2101,39.7872
212,2,4,USA.17.46_1,-94.8191,38.8814
551,3,5,USA.18_1,-84.6514,37.669
307,2,1,USA.18.30_1,-87.1167,37.7
308,2,1,USA.18.30_1,-87.1133,37.7742
263,2,1,USA.18.42_1,-88.7914,36.7995
320,2,1,USA.18.56_1,-85.7594,38.2542
360,2,2,USA.18.77_1,-82.5165,37.8168
351,2,1,USA.18.88_1,-83.3063,37.9373
324,2,1,USA.18.90_1,-85.4669,37.8092
352,2,2,USA.18.97_1,-83.2363,37.2898
544,3,12,USA.19_1,-91.8749,31.1801
256,2,2,USA.19.36_1,-90.0751,29.9546
257,2,1,USA.19.36_1,-89.9501,30.0335
239,2,1,USA.19.64_1,-92.6396,31.9254
240,2,2,USA.19.64_1,-92.6002,31.9335
522,3,8,USA.2_1,-152.268,61.385
10,2,2,USA.2.15_1,-149.439,61.5814
11,2,4,USA.2.22_1,-141.273,65.0433
9,2,3,USA.2.3_1,-149.9,61.2181
571,3,11,USA.20_1,-69.3977,44.6074
520,2,1,USA.20.10_1,-68.6661,45.2506
518,2,1,USA.20.12_1,-69.8984,44.0101
519,2,3,USA.20.12_1,-69.8328,43.9334
517,2,1,USA.20.3_1,-70.2286,43.648
562,3,8,USA.21_1,-76.7902,39.0724
429,2,1,USA.21.10_1,-77.3997,39.4668
435,2,1,USA.21.15_1,-77.0261,38.9907
444,2,3,USA.21.3_1,-76.6122,39.2904
569,3,12,USA.22_1,-71.5314,42.2373
508,2,1,USA.22.11_1,-71.1212,42.3318
513,2,2,USA.22.12_1,-71.0184,42.0834
514,2,2,USA.22.12_1,-70.9495,41.8459
516,2,1,USA.22.12_1,-70.8661,42.0654
507,2,1,USA.22.13_1,-71.1245,42.2912
510,2,1,USA.22.13_1,-71.0828,42.3334
511,2,19,USA.22.13_1,-71.0598,42.3584
512,2,1,USA.22.13_1,-71.0495,42.3709
515,2,1,USA.22.3_1,-70.9342,41.6362
504,2,1,USA.22.9_1,-71.3328,42.4998
506,2,2,USA.22.9_1,-71.1828,42.3709
552,3,18,USA.23_1,-84.5603,43.3504
349,2,2,USA.23.25_1,-83.63,42.9275
325,2,1,USA.23.39_1,-85.4019,42.4053
321,2,5,USA.23.41_1,-85.6681,42.9634
323,2,1,USA.23.41_1,-85.55,43.0334
267,2,1,USA.23.42_1,-88.3644,47.3039
358,2,1,USA.23.54_1,-82.9499,42.7
298,2,1,USA.23.56_1,-87.6335,46.5333
350,2,1,USA.23.83_1,-83.5294,43.2797
353,2,3,USA.23.83_1,-83.1747,43.6009
356,2,4,USA.23.86_1,-83.0458,42.3314
540,3,19,USA.24_1,-93.9196,45.7326
224,2,2,USA.24.10_1,-93.8472,44.9636
232,2,1,USA.24.2_1,-93.25,45.2502
229,2,2,USA.24.27_1,-93.4502,45.0166
231,2,1,USA.24.27_1,-93.2638,44.98
217,2,1,USA.24.46_1,-94.463,43.6655
235,2,7,USA.24.63_1,-93.0835,45.0333
236,2,3,USA.24.63_1,-92.9952,44.953
243,2,2,USA.24.70_1,-92.1066,46.7833
227,2,2,USA.24.71_1,-93.5269,44.798
214,2,1,USA.24.74_1,-94.5503,45.55
219,2,2,USA.24.74_1,-94.1531,45.5503
238,2,1,USA.24.9_1,-92.7619,46.4541
545,3,10,USA.25_1,-89.6812,32.7673
255,2,1,USA.25.42_1,-90.1679,33.544
266,2,1,USA.25.48_1,-88.4975,33.9165
254,2,1,USA.25.68_1,-90.2931,33.8293
543,3,11,USA.26_1,-92.302,38.4623
237,2,2,USA.26.27_1,-92.8002,38.85
230,2,1,USA.26.39_1,-93.2982,37.2153
215,2,1,USA.26.48_1,-94.5213,39.0883
241,2,1,USA.26.68_1,-92.5669,38.6167
233,2,1,USA.26.80_1,-93.2283,38.7045
246,2,1,USA.26.81_1,-91.694,37.8809
530,3,5,USA.27_1,-110.326,46.9048
109,2,1,USA.27.15_1,-114.338,48.4111
111,2,2,USA.27.15_1,-114.251,48.3333
112,2,2,USA.27.15_1,-113.944,48.6144
113,2,7,USA.27.15_1,-113.674,48.3033
536,3,7,USA.28_1,-98.2883,41.1289
195,2,1,USA.28.20_1,-96.7086,41.8417
198,2,1,USA.28.28_1,-96.167,41.3
200,2,2,USA.28.28_1,-95.9378,41.2586
150,2,1,USA.28.81_1,-102.417,42.5166
526,3,7,USA.29_1,-117.122,38.4199
108,2,2,USA.29.3_1,-115.137,36.175
529,3,53,USA.3_1,-111.388,33.7712
131,2,2,USA.3.11_1,-110.926,32.2217
132,2,1,USA.3.11_1,-110.682,32.0026
121,2,1,USA.3.12_1,-112.048,33.0581
116,2,2,USA.3.3_1,-112.689,36.2369
128,2,1,USA.3.4_1,-111.34,34.1686
118,2,5,USA.3.8_1,-112.501,33.5
120,2,19,USA.3.8_1,-112.074,33.4484
125,2,2,USA.3.8_1,-111.838,33.3015
126,2,2,USA.3.8_1,-111.675,33.6367
114,2,3,USA.3.9_1,-112.976,36.9903
568,3,8,USA.30_1,-71.5653,43.4108
500,2,1,USA.30.5_1,-72.064,44.0345
505,2,1,USA.30.8_1,-71.2165,43.1462
509,2,1,USA.30.8_1,-71.0995,42.9668
565,3,7,USA.31_1,-74.5089,40.314
469,2,2,USA.31.1_1,-74.6663,39.4668
468,2,2,USA.31.19_1,-74.7393,40.9645
465,2,2,USA.31.4_1,-74.9663,39.7834
467,2,1,USA.31.5_1,-74.7829,39.1501
470,2,1,USA.31.7_1,-74.2049,40.7673
471,2,1,USA.31.7_1,-74.1724,40.7357
462,2,1,USA.31.8_1,-75.133,39.7334
473,2,1,USA.31.9_1,-74.0663,40.7168
532,3,10,USA.32_1,-106.237,34.8375
137,2,3,USA.32.1_1,-106.651,35.0845
140,2,2,USA.32.30_1,-105.667,36.5667
148,2,3,USA.32.9_1,-104.751,32.8757
564,3,96,USA.33_1,-74.9384,42.1497
494,2,1,USA.33.11_1,-73.6979,42.3954
460,2,11,USA.33.13_1,-75.1704,42.3442
484,2,1,USA.33.14_1,-73.9126,41.9268
425,2,1,USA.33.2_1,-78.125,42.0003
487,2,1,USA.33.20_1,-73.8746,42.2151
451,2,1,USA.33.23_1,-75.8997,44.0501
474,2,2,USA.33.24_1,-74.0035,40.6482
483,2,2,USA.33.3_1,-73.9187,40.8209
485,2,1,USA.33.3_1,-73.8951,40.8387
488,2,1,USA.33.3_1,-73.8553,40.8472
493,2,1,USA.33.31_1,-73.7187,40.7687
496,2,1,USA.33.31_1,-73.5829,40.7507
475,2,2,USA.33.32_1,-74.0029,40.7284
476,2,4,USA.33.32_1,-73.9874,40.7293
477,2,3,USA.33.32_1,-73.9868,40.7159
478,2,2,USA.33.32_1,-73.9771,40.7395
479,2,7,USA.33.32_1,-73.9662,40.7834
480,2,1,USA.33.32_1,-73.9638,40.7732
482,2,1,USA.33.32_1,-73.9425,40.7947
458,2,1,USA.33.34_1,-75.2568,43.2417
459,2,2,USA.33.34_1,-75.2327,43.1009
447,2,1,USA.33.35_1,-76.0716,42.992
448,2,1,USA.33.35_1,-76.061,43.152
450,2,1,USA.33.4_1,-75.918,42.0987
481,2,2,USA.33.42_1,-73.9487,40.7448
486,2,1,USA.33.42_1,-73.8854,40.7557
491,2,1,USA.33.42_1,-73.7976,40.7498
472,2,1,USA.33.44_1,-74.1224,40.6132
492,2,1,USA.33.47_1,-73.7846,43.0831
489,2,1,USA.33.48_1,-73.8457,42.7798
441,2,2,USA.33.50_1,-76.8733,42.3806
466,2,2,USA.33.54_1,-74.9129,41.9454
490,2,2,USA.33.58_1,-73.8193,43.7312
495,2,1,USA.33.58_1,-73.6312,43.6003
416,2,1,USA.33.7_1,-79.2353,42.097
558,3,19,USA.34_1,-79.8431,35.6411
413,2,1,USA.34.1_1,-79.4859,36.0351
414,2,2,USA.34.1_1,-79.3997,36.0335
423,2,1,USA.34.10_1,-78.3039,33.9135
426,2,1,USA.34.10_1,-78.0128,33.8855
366,2,2,USA.34.11_1,-82.3212,35.6179
342,2,3,USA.34.20_1,-84.1777,35.1514
344,2,4,USA.34.20_1,-84.0332,35.1501
419,2,2,USA.34.26_1,-78.8784,35.0527
359,2,1,USA.34.57_1,-82.7088,35.9429
420,2,4,USA.34.92_1,-78.6386,35.7721
534,3,5,USA.35_1,-99.793,47.5362
156,2,2,USA.35.40_1,-99.8415,48.6608
155,2,1,USA.35.5_1,-100.339,48.9938
154,2,1,USA.35.51_1,-101.459,48.2167
554,3,35,USA.36_1,-82.7755,40.3736
345,2,1,USA.36.14_1,-83.9888,39.2931
346,2,1,USA.36.14_1,-83.8166,39.4001
378,2,1,USA.36.18_1,-81.7354,41.4398
380,2,1,USA.36.18_1,-81.6954,41.4995
381,2,2,USA.36.18_1,-81.6762,41.3953
382,2,4,USA.36.18_1,-81.6665,41.4334
386,2,3,USA.36.18_1,-81.5087,41.4645
334,2,2,USA.36.19_1,-84.4844,40.2225
357,2,10,USA.36.25_1,-83.0166,39.9667
365,2,1,USA.36.27_1,-82.3332,38.8167
368,2,1,USA.36.3_1,-82.2332,40.6353
332,2,2,USA.36.31_1,-84.5333,39.1834
333,2,1,USA.36.31_1,-84.5163,39.1314
335,2,2,USA.36.31_1,-84.4569,39.162
374,2,1,USA.36.38_1,-81.9179,40.5545
396,2,2,USA.36.41_1,-80.7979,40.1754
389,2,1,USA.36.43_1,-81.4687,41.6331
361,2,1,USA.36.46_1,-82.5002,40.0834
369,2,1,USA.36.5_1,-82.1001,39.3276
355,2,1,USA.36.52_1,-83.0902,40.5792
328,2,1,USA.36.55_1,-84.6333,40.55
341,2,1,USA.36.76_1,-84.1833,40.3167
398,2,2,USA.36.79_1,-80.7665,41.3167
327,2,1,USA.36.82_1,-84.6983,40.7848
330,2,1,USA.36.9_1,-84.6094,39.5153
331,2,1,USA.36.9_1,-84.5633,39.3992
538,3,17,USA.37_1,-96.9247,35.5376
216,2,1,USA.37.40_1,-94.478,35.2312
186,2,1,USA.37.43_1,-97.1431,33.7934
181,2,1,USA.37.55_1,-97.5164,35.4676
199,2,3,USA.37.74_1,-95.9808,36.7473
523,3,14,USA.38_1,-122.127,44.5672
84,2,1,USA.38.1_1,-118.074,44.8099
16,2,1,USA.38.10_1,-123.333,43.2895
50,2,1,USA.38.14_1,-121.511,45.716
47,2,1,USA.38.18_1,-121.751,42.6665
13,2,2,USA.38.21_1,-124.018,44.9582
93,2,1,USA.38.23_1,-117.107,43.9832
25,2,1,USA.38.26_1,-122.685,45.5112
26,2,3,USA.38.26_1,-122.676,45.5235
15,2,1,USA.38.27_1,-123.451,44.8665
59,2,2,USA.38.7_1,-120.834,44.2998
14,2,1,USA.38.8_1,-123.964,42.2818
57,2,1,USA.38.9_1,-121.251,43.9165
560,3,18,USA.39_1,-77.264,40.5773
408,2,2,USA.39.2_1,-80.1251,40.6253
411,2,2,USA.39.2_1,-79.8109,40.2917
409,2,1,USA.39.25_1,-79.8751,42.1253
402,2,2,USA.39.4_1,-80.5001,40.7503
406,2,1,USA.39.43_1,-80.2201,41.1345
463,2,2,USA.39.46_1,-75.1285,40.1784
461,2,10,USA.39.51_1,-75.1638,39.9523
464,2,2,USA.39.51_1,-75.0279,40.0415
446,2,1,USA.39.54_1,-76.2008,40.8204
453,2,2,USA.39.58_1,-75.7271,41.8726
452,2,1,USA.39.6_1,-75.7843,40.51
438,2,1,USA.39.67_1,-77,40.1254
442,2,2,USA.39.67_1,-76.7614,40.0912
443,2,1,USA.39.67_1,-76.7283,39.9579
542,3,7,USA.4_1,-92.3809,34.9513
252,2,1,USA.4.28_1,-90.5501,36.1167
228,2,1,USA.4.37_1,-93.4938,33.4587
258,2,1,USA.4.47_1,-89.919,35.9273
234,2,1,USA.4.58_1,-93.1338,35.2784
222,2,1,USA.4.72_1,-93.9428,36.2354
244,2,1,USA.4.73_1,-91.809,35.3867
570,3,7,USA.40_1,-71.5101,41.6772
502,2,1,USA.40.2_1,-71.4559,41.6604
503,2,1,USA.40.4_1,-71.3976,41.8262
501,2,1,USA.40.5_1,-71.6417,41.3832
557,3,13,USA.41_1,-80.9066,33.8191
372,2,1,USA.41.2_1,-81.9548,33.5214
364,2,2,USA.41.23_1,-82.394,34.8526
383,2,18,USA.41.36_1,-81.6165,34.3001
400,2,1,USA.41.40_1,-80.7054,34.0165
397,2,3,USA.41.7_1,-80.7948,32.1335
399,2,1,USA.41.7_1,-80.7526,32.2163
535,3,1,USA.42_1,-99.4632,44.2853
172,2,1,USA.42.17_1,-97.9881,43.5478
194,2,2,USA.42.49_1,-96.7587,43.6666
149,2,1,USA.42.51_1,-103.231,44.0805
549,3,5,USA.43_1,-86.7489,35.7449
312,2,1,USA.43.19_1,-86.7844,36.1659
305,2,1,USA.43.50_1,-87.3347,35.2423
306,2,2,USA.43.50_1,-87.3158,35.2579
314,2,1,USA.43.75_1,-86.4088,35.8525
315,2,1,USA.43.75_1,-86.3903,35.8456
316,2,1,USA.43.75_1,-86.3853,35.8562
537,3,76,USA.44_1,-97.6475,31.106
204,2,11,USA.44.101_1,-95.4002,29.8336
205,2,32,USA.44.101_1,-95.3633,29.7633
206,2,1,USA.44.101_1,-95.3572,29.7616
207,2,1,USA.44.101_1,-95.3551,29.7882
208,2,2,USA.44.101_1,-95.3541,29.6463
210,2,1,USA.44.101_1,-95.2017,29.9804
211,2,2,USA.44.101_1,-94.9774,29.7355
171,2,6,USA.44.105_1,-98.0336,30.0502
173,2,18,USA.44.105_1,-97.9414,29.8833
201,2,1,USA.44.107_1,-95.758,32.209
167,2,2,USA.44.108_1,-98.3181,26.2584
169,2,1,USA.44.108_1,-98.1633,26.3017
182,2,1,USA.44.11_1,-97.4461,29.9597
152,2,2,USA.44.110_1,-102.35,33.6001
223,2,1,USA.44.123_1,-93.9288,29.8988
174,2,2,USA.44.128_1,-97.9008,28.885
175,2,1,USA.44.137_1,-97.8561,27.5159
159,2,1,USA.44.139_1,-99.3545,28.0411
165,2,1,USA.44.142_1,-98.4375,31.1132
213,2,1,USA.44.146_1,-94.8085,30.3252
197,2,1,USA.44.147_1,-96.4828,31.6596
161,2,1,USA.44.15_1,-98.5761,29.507
162,2,3,USA.44.15_1,-98.517,29.4502
163,2,14,USA.44.15_1,-98.4936,29.4241
164,2,1,USA.44.15_1,-98.485,29.4363
166,2,1,USA.44.15_1,-98.4089,29.5036
153,2,2,USA.44.152_1,-101.855,33.5779
184,2,1,USA.44.161_1,-97.1836,31.5502
203,2,2,USA.44.170_1,-95.4669,30.3169
221,2,1,USA.44.19_1,-94.0477,33.4251
209,2,1,USA.44.20_1,-95.3252,29.5869
185,2,1,USA.44.205_1,-97.15,27.9095
220,2,1,USA.44.210_1,-94.1502,31.8002
183,2,1,USA.44.220_1,-97.3208,32.7254
188,2,2,USA.44.220_1,-97.1081,32.7357
157,2,1,USA.44.221_1,-99.7331,32.4487
177,2,1,USA.44.227_1,-97.7242,30.3263
218,2,1,USA.44.229_1,-94.3813,30.6677
170,2,1,USA.44.24_1,-98.1442,27.227
160,2,1,USA.44.243_1,-98.717,33.9668
176,2,1,USA.44.246_1,-97.8203,30.5052
179,2,1,USA.44.246_1,-97.6003,30.6502
189,2,2,USA.44.4_1,-97.0544,28.0206
178,2,1,USA.44.50_1,-97.7091,31.2548
191,2,7,USA.44.57_1,-96.8067,32.7831
192,2,1,USA.44.57_1,-96.7919,32.8335
193,2,1,USA.44.57_1,-96.7836,32.7668
196,2,4,USA.44.57_1,-96.6228,32.7287
187,2,1,USA.44.61_1,-97.1331,33.2148
190,2,6,USA.44.61_1,-96.9942,33.0462
158,2,1,USA.44.64_1,-99.5687,28.5733
151,2,4,USA.44.68_1,-102.368,31.8457
138,2,11,USA.44.70_1,-106.487,31.7587
202,2,1,USA.44.79_1,-95.6377,29.6766
180,2,4,USA.44.89_1,-97.5847,29.4988
528,3,8,USA.45_1,-111.854,40.1135
133,2,2,USA.45.10_1,-109.564,38.5764
115,2,2,USA.45.14_1,-112.691,39.1559
124,2,5,USA.45.18_1,-111.891,40.7608
127,2,1,USA.45.25_1,-111.626,40.1244
122,2,4,USA.45.6_1,-112.001,41.0005
123,2,2,USA.45.6_1,-111.902,41.0322
567,3,12,USA.46_1,-72.7093,44.0407
497,2,1,USA.46.2_1,-73.2426,42.9304
559,3,19,USA.47_1,-78.2057,37.768
430,2,1,USA.47.102_1,-77.2936,38.5223
428,2,2,USA.47.106_1,-77.4603,37.5538
376,2,1,USA.47.17_1,-81.8657,37.3093
417,2,1,USA.47.20_1,-79.0942,37.0785
422,2,4,USA.47.25_1,-78.4767,38.0293
427,2,1,USA.47.27_1,-77.5997,37.3835
424,2,1,USA.47.47_1,-78.2181,39.0834
418,2,3,USA.47.56_1,-78.9331,36.7504
410,2,1,USA.47.79_1,-79.8725,36.6915
445,2,2,USA.47.87_1,-76.2452,36.9088
449,2,1,USA.47.88_1,-75.9519,37.3079
421,2,3,USA.47.93_1,-78.625,38.4851
412,2,1,USA.47.96_1,-79.4942,36.7954
415,2,1,USA.47.96_1,-79.2639,36.8087
524,3,20,USA.48_1,-121.571,47.3917
33,2,2,USA.48.17_1,-122.332,47.6062
34,2,1,USA.48.17_1,-122.311,47.6561
45,2,1,USA.48.17_1,-121.818,47.4665
53,2,1,USA.48.20_1,-121.411,45.7907
39,2,3,USA.48.27_1,-122.118,47.0332
40,2,1,USA.48.27_1,-122.098,47.1393
20,2,1,USA.48.28_1,-122.968,48.5832
46,2,1,USA.48.29_1,-121.785,48.4665
71,2,1,USA.48.3_1,-119.289,46.1757
72,2,1,USA.48.3_1,-119.284,46.2857
48,2,2,USA.48.31_1,-121.718,48.0498
54,2,2,USA.48.31_1,-121.341,47.9406
19,2,1,USA.48.34_1,-123.007,46.804
60,2,1,USA.48.4_1,-120.774,48.1993
65,2,1,USA.48.9_1,-119.734,47.7165
68,2,2,USA.48.9_1,-119.637,47.8115
556,3,3,USA.49_1,-80.9696,38.468
394,2,1,USA.49.10_1,-81.0487,37.9909
404,2,1,USA.49.17_1,-80.3831,39.2834
387,2,1,USA.49.54_1,-81.5012,39.2001
525,3,95,USA.5_1,-119.746,36.17
35,2,3,USA.5.1_1,-122.273,37.8716
36,2,32,USA.5.1_1,-122.271,37.8044
42,2,2,USA.5.1_1,-122.019,37.5958
64,2,1,USA.5.10_1,-119.772,36.7477
12,2,1,USA.5.12_1,-124.39,40.4765
107,2,3,USA.5.13_1,-115.499,32.6789
21,2,2,USA.5.17_1,-122.959,39.4071
23,2,1,USA.5.17_1,-122.784,39.0999
76,2,2,USA.5.19_1,-118.638,34.1578
77,2,1,USA.5.19_1,-118.427,34.2625
78,2,2,USA.5.19_1,-118.36,34.1819
79,2,10,USA.5.19_1,-118.327,34.0983
80,2,12,USA.5.19_1,-118.244,34.0522
81,2,2,USA.5.19_1,-118.24,34.2242
82,2,2,USA.5.19_1,-118.201,34.3667
83,2,2,USA.5.19_1,-118.097,33.9831
24,2,4,USA.5.21_1,-122.734,38.0666
27,2,1,USA.5.21_1,-122.562,37.9746
62,2,2,USA.5.22_1,-119.901,37.5499
67,2,2,USA.5.22_1,-119.665,37.7163
69,2,1,USA.5.22_1,-119.568,37.8499
17,2,1,USA.5.23_1,-123.248,39.7929
58,2,1,USA.5.27_1,-121.239,36.0102
32,2,2,USA.5.28_1,-122.334,38.4832
85,2,4,USA.5.30_1,-117.768,33.7
86,2,1,USA.5.30_1,-117.543,33.75
87,2,1,USA.5.33_1,-117.439,33.9268
106,2,4,USA.5.33_1,-116.051,33.7334
49,2,1,USA.5.34_1,-121.521,38.5191
51,2,6,USA.5.34_1,-121.494,38.5816
55,2,1,USA.5.34_1,-121.318,38.4666
56,2,1,USA.5.34_1,-121.281,38.7071
88,2,3,USA.5.36_1,-117.291,34.5361
89,2,9,USA.5.36_1,-117.29,34.1083
98,2,2,USA.5.36_1,-116.876,34.1256
90,2,30,USA.5.37_1,-117.157,32.7153
91,2,1,USA.5.37_1,-117.113,32.5839
92,2,1,USA.5.37_1,-117.108,32.6931
94,2,1,USA.5.37_1,-117.084,32.6401
95,2,2,USA.5.37_1,-116.988,32.7784
96,2,1,USA.5.37_1,-116.986,32.7809
97,2,1,USA.5.37_1,-116.981,32.7489
99,2,1,USA.5.37_1,-116.777,32.8381
100,2,1,USA.5.37_1,-116.673,33.1092
101,2,1,USA.5.37_1,-116.601,32.7494
103,2,2,USA.5.37_1,-116.375,33.2559
28,2,16,USA.5.38_1,-122.419,37.7749
29,2,2,USA.5.38_1,-122.411,37.8008
31,2,1,USA.5.38_1,-122.369,37.7244
61,2,2,USA.5.40_1,-120.671,35.4894
38,2,1,USA.5.41_1,-122.182,37.4538
63,2,1,USA.5.42_1,-119.821,34.447
66,2,1,USA.5.42_1,-119.682,34.0186
30,2,17,USA.5.45_1,-122.392,40.5865
41,2,3,USA.5.45_1,-122.034,40.7665
37,2,1,USA.5.47_1,-122.191,41.6349
43,2,2,USA.5.48_1,-121.988,38.3566
44,2,2,USA.5.48_1,-121.934,38.2685
22,2,1,USA.5.49_1,-122.852,38.4852
18,2,1,USA.5.53_1,-123.168,40.5832
70,2,2,USA.5.54_1,-119.292,36.3302
75,2,1,USA.5.54_1,-118.801,36.2666
73,2,1,USA.5.56_1,-119.059,34.3542
74,2,2,USA.5.56_1,-118.932,34.1203
52,2,2,USA.5.58_1,-121.423,39.0099
546,3,19,USA.50_1,-89.6385,44.2563
250,2,1,USA.50.22_1,-90.5921,42.6272
245,2,1,USA.50.3_1,-91.7382,45.5061
281,2,2,USA.50.38_1,-87.8001,44.0667
284,2,2,USA.50.40_1,-87.7493,45.0544
272,2,2,USA.50.43_1,-87.9668,43.0006
277,2,1,USA.50.54_1,-87.8558,42.6974
248,2,2,USA.50.65_1,-91.0132,43.7022
249,2,2,USA.50.65_1,-90.8501,43.5833
270,2,1,USA.50.70_1,-88.1084,42.9764
531,3,7,USA.51_1,-107.209,42.7475
147,2,3,USA.51.11_1,-104.82,41.14
130,2,2,USA.51.12_1,-110.955,42.0824
129,2,3,USA.51.21_1,-110.963,41.2683
533,3,15,USA.6_1,-105.327,39.0646
145,2,11,USA.6.17_1,-104.985,39.7392
146,2,3,USA.6.21_1,-104.821,38.8339
144,2,1,USA.6.3_1,-104.988,39.6478
135,2,1,USA.6.34_1,-107.874,37.2994
141,2,1,USA.6.36_1,-105.467,40.6666
134,2,1,USA.6.40_1,-108.551,39.0639
136,2,2,USA.6.50_1,-106.934,39.2
143,2,1,USA.6.63_1,-105.05,40.0503
142,2,1,USA.6.7_1,-105.271,40.015
139,2,1,USA.6.9_1,-106.014,38.5248
566,3,8,USA.7_1,-72.7622,41.5834
498,2,1,USA.7.2_1,-72.9201,41.8129
499,2,5,USA.7.5_1,-72.834,41.4334
563,3,2,USA.8_1,-75.5148,39.3498
454,2,6,USA.8.2_1,-75.7041,39.7309
455,2,2,USA.8.2_1,-75.633,39.7918
456,2,1,USA.8.2_1,-75.598,39.7393
457,2,1,USA.8.3_1,-75.5727,38.5556
561,3,2,USA.9_1,-77.0262,38.8964
431,2,1,USA.9.1_1,-77.0705,38.9307
432,2,1,USA.9.1_1,-77.0364,38.8951
433,2,79,USA.9.1_1,-77.0364,38.8951
434,2,35,USA.9.1_1,-77.0364,38.8951
436,2,3,USA.9.1_1,-77.0164,38.9001
437,2,6,USA.9.1_1,-77.0003,38.889
439,2,3,USA.9.1_1,-76.995,38.8738
440,2,1,USA.9.1_1,-76.9816,38.8912
688,4,54,VEN,-66,8
686,1,17,VEN.11.1_1,-66.9167,10.5
687,1,9,VEN.6.5_1,-61.1333,4.61667
685,1,6,VEN.7.15_1,-68.0039,10.1806
1865,4,22,VNM,107.833333,16.166667
1863,1,1,VNM.17.9_1,107,11
1861,1,5,VNM.25.20_1,106.667,10.75
1862,1,2,VNM.25.20_1,106.667,10.75
1860,1,1,VNM.25.22_1,106.657,10.8197
1858,1,6,VNM.27.14_1,105.85,21.0333
1864,1,1,VNM.32.6_1,109.183,12.25
1859,1,5,VNM.61.7_1,105.917,10.25
1975,1,1,VUT.2.7_1,167.833,-15.3833
0,1,2,WSM.9.4_1,-171.876,-13.9928
1444,4,55,YEM,47.5,15.5
1428,1,3,YEM.13.13_1,43.3333,15.5833
1432,1,6,YEM.13.15_1,43.6058,15.6942
1436,1,2,YEM.14.18_1,44.1467,13.9216
1440,1,4,YEM.14.7_1,44.5021,14.1972
1441,1,2,YEM.15.1_1,44.8819,13.0567
1442,1,4,YEM.15.2_1,45.2667,13.9333
1439,1,3,YEM.15.7_1,44.4333,13.5167
1443,1,6,YEM.16.10_1,45.3486,15.4207
1433,1,1,YEM.18.12_1,43.764,16.9394
1429,1,8,YEM.18.14_1,43.4507,16.796
1438,1,1,YEM.19.16_1,44.2898,15.248
1427,1,1,YEM.21.1_1,43.2448,13.3195
1435,1,1,YEM.21.10_1,44.0653,13.6005
1434,1,1,YEM.21.6_1,44.0209,13.5795
1426,1,1,YEM.5.2_1,43.055,14.637
1423,1,1,YEM.5.5_1,42.9545,14.7978
1424,1,30,YEM.5.5_1,42.9545,14.7978
1425,1,9,YEM.5.5_1,42.9545,14.7978
1431,1,1,YEM.8.3_1,43.5448,15.4701
1430,1,1,YEM.8.6_1,43.5156,15.2388
1437,1,32,YEM.9.9_1,44.2067,15.3547
1070,4,16,ZAF,26,-30
1046,1,2,ZAF.1.2_1,27.424,-32.5708
1044,1,1,ZAF.1.7_1,25.3971,-33.7576
1058,1,2,ZAF.1.8_1,29.5,-31.3333
1055,1,1,ZAF.2.1_1,28.4833,-27.2667
1048,1,6,ZAF.3.1_1,27.8667,-26.2667
1049,1,1,ZAF.3.1_1,28.0267,-26.1821
1050,1,13,ZAF.3.1_1,28.0833,-26.2
1052,1,8,ZAF.3.2_1,28.2294,-25.7069
1053,1,1,ZAF.3.3_1,28.374,-26.5251
1054,1,1,ZAF.3.3_1,28.4249,-26.1382
1064,1,1,ZAF.4.2_1,30.8258,-29.8457
1066,1,1,ZAF.4.2_1,30.9438,-29.997
1067,1,4,ZAF.4.2_1,30.962,-29.7511
1068,1,1,ZAF.4.2_1,30.9732,-29.8915
1069,1,3,ZAF.4.2_1,31.0167,-29.85
1061,1,1,ZAF.4.6_1,30.3587,-29.6362
1065,1,2,ZAF.4.8_1,30.8667,-28.9667
1059,1,3,ZAF.4.9_1,29.8258,-28.7393
1063,1,2,ZAF.5.2_1,30.7187,-23.3025
1057,1,1,ZAF.5.3_1,29.3664,-24.893
1060,1,1,ZAF.5.4_1,30.0958,-23.2016
1062,1,2,ZAF.5.4_1,30.485,-22.9456
1056,1,2,ZAF.5.5_1,28.6045,-23.445
1045,1,2,ZAF.7.1_1,27.2421,-25.6676
1047,1,1,ZAF.7.1_1,27.5667,-25.5833
1051,1,2,ZAF.7.1_1,28.1135,-25.1797
1035,1,2,ZAF.9.3_1,18.3356,-34.0564
1036,1,2,ZAF.9.3_1,18.35,-34.0333
1037,1,1,ZAF.9.3_1,18.4167,-33.9167
1038,1,2,ZAF.9.3_1,18.5298,-33.9946
1039,1,2,ZAF.9.3_1,18.5544,-33.9502
1040,1,1,ZAF.9.3_1,18.6236,-34.0534
1041,1,1,ZAF.9.3_1,18.6299,-33.9346
1042,1,2,ZAF.9.3_1,18.6792,-34.0393
1043,1,1,ZAF.9.4_1,23.0497,-34.0366
1184,4,2,ZMB,30,-15
1183,1,1,ZMB.5.4_1,28.2833,-15.4167
1198,4,11,ZWE,29,-19
1185,1,1,ZWE.1.1_1,28.5,-20.1
1186,1,2,ZWE.10.6_1,29.9667,-20.7333
1191,1,3,ZWE.2.1_1,31.0417,-17.9003
1192,1,30,ZWE.2.1_1,31.0447,-17.8178
1193,1,1,ZWE.2.1_1,31.0447,-17.8178
1194,1,1,ZWE.3.1_1,31.6273,-19.2433
1197,1,1,ZWE.3.2_1,32.8667,-19.8
1189,1,1,ZWE.6.1_1,30.5002,-18.3397
1190,1,1,ZWE.6.1_1,30.6277,-18.1464
1188,1,1,ZWE.6.5_1,30.2,-17.3667
1195,1,2,ZWE.7.1_1,31.654,-19.9217
1196,1,5,ZWE.7.1_1,31.9488,-19.8901
1187,1,1,ZWE.9.1_1,30,-21.8333